text,rev1,rev2,agreement,sense
"(universellement connu aujourd'hui, qui s'utilise √† tout va juste par r√©flexe) * mdr (la version fran√ßaise non moins moche du pr√©c√©dent) * ptdr (lisez ""p√©t√© de rire"", c'est le stade o√π un sourire s'√©bauche sur le visage du geek) * xpldr (voyez """,1,1,1,1
"de beau habille et de coiffure je trouve sa nulle </s><s> Lynsha : J adore ce jeu il est simple mais j'aime beaucoup </s><s> : Ils sont gav√©s moches les habits, ils pourraient mettre d'autres chose ! </s><s> Cavoline 333 : Ce jeu est tres bien mais je preferai que les manequene",1,1,1,1
"bless√©e et je fais de mon mieux pour la soigner. </s><s> Cela me prend un peu de temps et j'apprends son pr√©nom, qui est tr√®s moche , Zorya, pas de nom de famille apparemment. </s><s> Cela doit √™tre le surnom qu'elle a choisi, ce qui est dommage, elle aurait pu",1,1,1,1
chers le sont car ils sont vendus par de bons vendeurs ! et qu'ils ont un joli design... </s><s> Vous pouvez porter un masque moche . </s><s> Ou un masque design. </s><s> Ou un masque cher.. </s><s> Oui mais ce n'est pas tr√®s pratique </s><s> Ce sont de petits filtres pas chers qui se,1,1,1,1
"est efficace pour am√©liorer l'acoustique. </s><s> je sais comment tu a fait tenir les grilles, mais c'est tr√®s propre et pas moche du tout </s><s> Son Age : 63 Ville et C.P : MAILLY 89 et PUGET/ARGENS 83 Harley-Davidson : DELUXE 2014 Date d'inscription :",1,1,1,1
"üôÇ </s><s> Mes talents de mannequins gagneraient √† √™tre inexploit√©s... Mais mes talents de transformation d'un dimanche moche en dimanche dr√¥lement rigolo, eux... euh... ils semblent plut√¥t inn√©s! </s><s> M√™me Le Point! </s><s> Vous trouvez pas que mon foulard",1,1,1,1
"les √©lucubrations d'un ""Calmos"" (au hasard), plus satirique et contestataire encore, plus glauque aussi, l'affiche moche √† pleurer d√©gage assez bien pourtant le sentiment de m√©lasse et de r√©volte qui s'y √©tale. </s><s> Br√ªlot anarchique dans un",1,1,1,1
"il veut reprendre DB. </s><s> Si c'est pouss√© pour ses √©diteurs car ils manquent de saga fructueuses, ce serait tr√®s moche , mais vu qu'il y a une s√©rie comme OP ou dans une un peu moindre mesure, Naruto au Jump, j'ai du mal a y croire. </s><s> Si c'est de la",2,2,1,2
"au micro de TV2. </s><s> J'ai ruin√© notre course √† tous les deux, c'√©tait de ma faute et j'accepte le bl√¢me. </s><s> C'√©tait vraiment moche et le fait de batailler en piste ne l'excuse pas. ¬ª </s><s> Malade, au lit avec un √©tat grippal, le Norv√©gien n'a pas fait le",2,2,1,2
"plus vite oubli√©. </s><s> Est-ce d√ª √† la disparition de la couleur dans le titre ? </s><s> Est-ce d√ª √† la couverture particuli√®rement moche alors que les pr√©c√©dentes √©taient magnifiques ? </s><s> Plus s√©rieusement, il me semble que cette histoire m√©ritait plus d'",1,1,1,1
"nickel! </s><s> Otaku's store fait des choses sympas, mais c'est vrais qu'ils sont un peu ch√®re. </s><s> Effectivement le jack c'est moche et √ßa fait un peu ""usine √† gaz"" je trouve. </s><s> Puis si en plus √ßa fait des parasites c'est c.. </s><s> Manu1312 </s><s> Visiteur confirm√© </s>",1,1,1,1
"de t√©l√©charger gratuitement l'appli, l'√©quipe pr√©cise la raison d'√™tre du programme. </s><s> Be Real, ¬´ l'Instagram de la vie moche ¬ª </s><s> ü§≥ C'est cette authenticit√© revendiqu√©e qui a pouss√© le journal Le Monde a surnomm√© l'appli ¬´ l'Instagram de la vie",1,1,1,1
de Perrie. </s><s> Elle entrouvrit la bouche et me regarda. ‚ñ¨ Non mais je suis trop une bonne photographe ! </s><s> Par contre toi t'es moche regarde. </s><s> Elle me tendit l'appareil et je regardai la photo. </s><s> Je lui tapai l'√©paule et lui tirai la langue ‚ñ¨ C'est toi qui es,1,1,1,1
"aimes tu t'en fous ( m√™me si faut avouer, √ßa nous fait chier de la porter en sa pr√©sence parce qu'on se dit OKAY il me trouve moche avec ces fringuess ), en plus la robe blanche et orange te va vraiment bien, √ßa te donne un c√¥t√© vintage !!! </s><s> Puis le collier",1,1,1,1
"_Baisse de pris du cannabis _Augmentation du salaire des revendeurs _port du string obligatoir _cagoule pour les moches _VODKA gratuite √† partir de 8 heures _1 chaine gratuite d√©di√©e aux conneries (south park, les griffins, les simpsons",1,1,1,1
". </s><s> St√©phan </s><s> Ben moi dans tous les cas, perso je virerais le Sticker "" D "" .. car c'est inappropri√© et c'est LE d√©tail bien moche sur ton auto alors que TOUT le reste est NICKEL (Enfin, √† mes yeux). </s><s> Et la plus belle config' d'un Brillant Rot √† mes yeux",1,1,1,1
"y a une personne qui me comprend...J'ai 17 ans et j'ai les cheveux boucl√©s de couleur bruns, je suis mince et je me trouve moche mais ma s≈ìur de c≈ìur me dit tous les jour que je suis belle... Estelle: Je suis une fille qui dit tous ce qu'elle pence mais",1,1,1,1
"pas""[5]. </s><s> La violence du p√®re se manifeste √©galement √† l'√©gard de Claudine : ¬´ elles se ressemblent mais y en a une qui est moche . </s><s> Non ? </s><s> C'est dr√¥le quand m√™me, √ßa tient √† presque rien, c'est simplement cette lueur bovine qu'elle a dans le regard, √ßa",1,1,1,1
"quand √ßa s'en va...? </s><s> √áa fait comment quand tu te prends le monde en pleine face, que c'est pas beau √† voir, presque aussi moche que toutes les images et les envies morbides qui tournent en boucle, l√†, et ne te laissent jamais tranquille...? </s><s> √áa Lire",3,1,0,1
"quelques seconde je vois d√©j√† 2 scenes et poses iconiques. je sens que ce film va √™tre dantesque. </s><s> Les poster sont pas plus moche que d'autre films, le probl√®me des images ultra Photoshop√©... Seul les affiches Imax vaudront le coup visuellement je",1,1,1,1
"fille la plus clich√© du monde. </s><s> Ou m√™me de l'univers, si tu veux. </s><s> Comment on peut √™tre amoureux de moi ? </s><s> Une jeune de 16ans, moche , grosse, et quelque peu immature. </s><s> Une fille qui n'arrive pas √† dormir sans avoir une lumi√®re pr√®s d'elle. </s><s> Une fille qui",1,1,1,1
"<s> Je ne connais pas celui-ci mais tu parviens √† le rendre sympathique alors que, franchement, les nouveaux pok√©mons sont moches . </s><s> On voit que tu as acquis de nouvelles capacit√©s techniques et des outils. </s><s> S'ils √©taient mis au service d'histoires, il",1,1,1,1
"de devenir millionnaire et niker le systeme. </s><s> Voil√† en fait pourquoi je continue. </s><s> L'argent facile...oui je sais ,c'est moche . </s><s> Le probleme c'est que si tu ne nikes pas le systeme avec le poker (500K minimum) c'est lui qui t'auras bien nik√©. </s><s> Donc",2,2,1,2
"un emploi quasi-verbal (sans verbe). </s><s> D'ailleurs, dans cet exemple, une phrase ""classique"" serait bien plus lourde et moche : Va kurenik titlanis va impadimak rozayar ou pire Va kurenik dan va impadimak titlaniyir in rozayar </s><s> Da √ßh≈ìlnƒÉ ed",1,1,1,1
"dix ans auparavant. </s><s> Pendant que tu te laves les mains, tu regardes ton visage. </s><s> T'as bien vieilli. </s><s> Tu te trouves pas trop moche mais tu vois d√©j√† les rides qui apparaissaient. </s><s> Et ouais mon gars, m√™me √† 30 ans et des poussi√®res √ßa se voit. </s><s> T'as tout de",1,1,1,1
moi aussi la peine de l'√©couter en magasin ou ailleurs ! _________________ http://www.photo-capture.fr </s><s> andrea est moche comme ca. </s><s> Sinon pour la chanson j'accroche pas du tout...ca sent le bide commercial. </s><s> oui mais le style d'Andrea c'est,1,1,1,1
les autres mew mew et en m√™me temps faut se battre(super la vie).vers le milieu de l'anime on a le chevalier bleu(il est moche je pr√©f√®re elliot=ryo quitte a faire sa)qui va sauver ichigo=zoey a chaque qu'elle sera en danger(ppppfffff).ichigo,1,1,1,1
!!!!!!! </s><s> c'est certainement pas le chasseur sous marin avec son harpon qui va tu√© la collonie de poisson alors oaui c'est moche de chass√© des espece prot√©g√©es! mais le plus moche c'est qu'on va faire chi√© le petit bl√©reau qui a tir√© un merou plutot,2,2,1,2
"leur arriv√©e il y a 3 ‚Äì 4 ans. </s><s> Je prends 8 kilos en un an, j'atteins les 63 kilos et je touche le fond... Je me deteste, je suis moche et grosse, ma meilleure amie, un belle rondelette devenue anorexique donc mince, tombe amoureuse, je suis seule, je",1,1,1,1
"‚Äì Roumanie 20h45 : France ‚Äì Italie </s><s> c'est laid mais c'est cool ! la premi√®re impression quand on y joue c'est 'oh qu'c'est moche !' et puis apr√®s on y joue, on commence √† s'amuser et on le fini . l'ambiance du jeu est cool (ghetto,new-york)avec la",1,1,1,1
"tellement chien!!!! </s><s> J'ai dit √ßa un peu pour plaisanter parce que je ne me consid√®re pas non plus comme horriblement moche , m√™me si c'est vrai que j'ai d√ª mal √† me sentir belle... En fait j'h√©site √† mettre ma photo en grande partie parce que n'",1,1,1,1
"car de toi ils sont si fiers </s><s> Message Joyeux No√´l humour noir </s><s> Que ton r√©veillon soit tr√®s triste, tes cadeaux pourris et moches Que la b√ªche et le repas soient d√©gueulasses et que le sapin prenne feu Que le P√®re No√´l oublie ta sale demeure! </s><s> Toi qui es",1,1,1,1
"! üôÇ Je me pose 2 questions : * Comment gardes tu le contr√¥le de tes images ? (aucune mention dessus, j'avoue c'est moche mais bon, ni de blocage du clic droit, peu efficace mais c'est toujours √ßa) * Je vais faire l'acquisition de Lightroom et",2,2,1,2
"tr√®s grompf ce week-end ! </s><s> rh√¥√¥√¥√¥, ton commentaire m'a fait trop plaisir, *c√¢lin* merci, la d√©co d'avant √©tait vraiment moche ! mais non, elle est coule ta d√©co ! j'adore l'√©criture de ta banni√®re mais siiiiiiiiiiiiiiiiiiii j'√©coute de la",1,1,1,1
"<s> Non je d√©conne mdr!! </s><s> Un peignoir usage √† 1800‚Ç¨ ... m√™me officiel... non merci! </s><s> en plus c'est pas pour dire mais il est moche , suffit d'acheter un peingnoir et d'aller le faire broder, t'a la meme chose pour moins cher ! </s><s> SarahMelyne </s><s> Langue",1,1,1,1
"semaine :D Nouveaut√© : Chapitre XX et XXI en ligne (art.3, p.3) ^^ </s><s> jubianara a √©crit : ""ta trop raisons il sont trop moche ensemble le greyju c le plus top"" </s><s> Je sais je sais 8D , hum hum soyons s√©rieux u_u . . . </s><s> Je suis tout √† fait d'accord avec toi =D </s>",1,1,1,1
"√† Ewok, les nounours en peluche de Star Wars 6^^ Remarque, si on le fait √† la frenchie, √ßa donne WENR, c'est encore plus moche , alors on va garder WIOK^^ Vive Roonil ! </s><s> La WIOK ? </s><s> Ca, c'est un nom du tonnerre Of course que j'adh√®re ! </s><s> M√™me sans √©crire sur",1,1,1,1
". </s><s> Tu as entendu ce qu'a dit le m√©decin ? - Ce vieux chnoque ? </s><s> Je me fiche de ce qu'il a bien p√ªt dire. - Lilly... - Il √©tait b√™te, moche et en plus il puait. - L√† n'est pas la question enfin !! </s><s> Tu vas avaler cette chose, j'en fais le serment. </s><s> L'homme saisit la",1,1,1,1
servi l√†..! toujours bien sexy avec leur look un peu junk.. moi j'adh√®re ^_^ </s><s> roooooo des gonzesses partout oO' et pas des moches en plus !!! youhou!! c la fete du slip ^^ hihi! trop trop beau ces crobards !!!! :D energiques comme on aime!! et sexy en,1,1,1,1
"que les recruteurs √©taient plus pervers que des dentistes. </s><s> Qu'ils fouettent leur femme de leur cravatte la plus moche le soir en hurlant ¬´ Donnes moi tes 5 d√©fauts, 5 qualit√©s ! ¬ª Non, non, les recruteurs sont mes amis. </s><s> Surtout quand ils me",1,1,1,1
"couple, √ßa je connais... </s><s> ‚Äì Ah ouais ? </s><s> Fit-il surpris. </s><s> ‚Äì C'est bizarre, pourtant tu es plut√¥t joli gar√ßon, il y a bien plus moche que toi. </s><s> Il faut avouer que ce compliment √©tait d'une nature assez √©trange. </s><s> Un gar√ßon disant cela √† un autre gar√ßon. </s><s> C'",1,1,1,1
"r√©alistes et assez jolies : </s><s> Attention : c'est tr√®s subjectif mais √ß√† reste de l'artificiel que certains trouveront moche , d'autres magnifique. </s><s> Petit bonus (hors DIY) pour la fameuse pampa mais en version artificielle : </s><s> Par contre, tu",1,1,1,1
"j'ai 85kg c'est trop. </s><s> Une autre personne pourrait penser: 85kg c'est trop, je ne vais plus rentrer dans mon jean, je suis moche , mon mari va me tromper. </s><s> ‚Äì Ces pens√©es am√®nent √† des EMOTIONS. </s><s> Ce sont des manifestations de notre corps, une sorte de ¬´",1,1,1,1
contre army en mec.... ca ne le fait pas </s><s> Sujet: Screen divers Lun 2 Avr - 9:09 </s><s> C'est sur que mon perso en mec c'est vraiment moche !!!! </s><s> C'est pas pour rien que je je suis une fille et que je ne fait que des perso fille !!! </s><s> On dirai un PD mon perso en mec XD </s>,1,1,1,1
"commercial et nous avertit qu'il d√©passera la vision esth√©tique ‚Äì bien r√©elle mais r√©ductrice ‚Äì d'une ¬´ France moche ¬ª des entr√©es de ville dans laquelle la voiture est reine, circulant bon gr√© mal gr√© entre des ¬´ bo√Ætes √† chaussures ¬ª",1,1,1,1
"la partie il leur raconta ce qu'il lui est arriv√© juste avant de venir chez les Walcott. </s><s> - Waouh, bah elle n'est pas moche ! </s><s> Dit Theo en regardant la carte d'identit√© de Melina. </s><s> Melanie le tapa gentiment et prit la carte. </s><s> - C'est vrai qu'elle",1,1,1,1
"LE jeu qui vaut le coup d'√™tre test√© rien que pour les discus sur le chan central </s><s> J'aimeJe n'aime pas </s><s> Gears of War : </s><s> C'est moche (je parle d'un point de vue artistique), l'univers et la th√©matique ne sont pas des plus recherch√©es, √ßa fait beaucoup",1,1,1,1
"marquer le coup/ </s><s> Metaphore54 </s><s> Il ne fallait pas 7 ans pour produire un jeu √† l'√©poque. </s><s> trollkien </s><s> Rien a faire, je la trouve moche comme un boitier tour que l'on planque sous son bureau... </s><s> dredd </s><s> Nyzen </s><s> Tu penses √† quels jeux concernant ces consoles ? </s>",1,1,1,1
"moments. 3 ann√©es de pr√©sence en Ile de France ont eu raison de la Deauville.....je m'explique : entre le temps souvent moche , le fait que j'aille bosser a pied, et les dangers de la circulation ""parisienne"" la moto ne sortait pratiquement plus",1,1,1,1
"tomb√© amoureux du Berlingo 3. </s><s> Ce coffre :bave: Ma femme ne veut pas de ludospace et je la comprends car ils sont toujours moches . </s><s> Mais celui-la avec son look de camion/SUV, ses options, son Puretech 130 + EAT8, son int√©rieur modulable et plut√¥t",1,1,1,1
"(et elle nous le prouvera) puisqu'ici on jurerait un jeu Mega Drive √† peine mieux fini (il suffit de voir ces d√©cors un peu moches , aux couleurs criardes, ces animations faites √† l'arrache ou ces 2 h√©ros au design ridicule pour s'en convaincre). </s>",1,1,1,1
"! t'as vu la tronche des freins !? ils sont bien dat√©s aussi. </s><s> La guidoline je ne sais pas trop quoi faire, c'est tellement moche .... </s><s> Superbe prise! </s><s> La s√©rie sachs new success n'est pas tr√®s courante mais est plut√¥t robuste et a son style </s><s> Noir au",1,1,1,1
"pas qu'on sent fout des d√©fauts et de l'opinion des autres, quand on aime quelqu'un. </s><s> Si vous sortez avec une fille dite ¬´ moche ¬ª, les gens qui critiquent seront seulement des personnes qui r√™vent de sortir avec quelqu'un, et qui sont jalouses de",1,1,1,1
"nous, pauves Occidentaux: nous n'avons plus rien compris depuis Descartes. </s><s> Je n'ai jamais dit que Versailles √©tait moche , puisque Versailles n'est pas une calligraphie. </s><s> L'esth√©tique occidental n'est pas monolythique, et il a un succ√®s",1,1,1,1
la mission principale de pleins de fa√ßons diff√©rentes et il reste bien optimis√© et surtout un optimisation coh√©rente ( moche en low et tr√®s beau en ultra). </s><s> Phantom pain reste l'un des jeux que j'attend le plus surtout pour le coup o√π l'on peut,1,1,1,1
une pratique... la est toute la difference mon petit! ton commentaire a un petit relent d'antisemitisme.... c est moche ! </s><s> Vous n'avez qu'√† donner vous m√™me. </s><s> La charit√© chr√©tienne doit s'exprimer avec l'argent des chr√©tiens pas celui des,2,2,1,2
", https://www.cnrtl.fr/definition/risque. </s><s> Articles connexes </s><s> Challenge pull moche de No√´l ! </s><s> 19 d√©cembre 2018 </s><s> L'origine du ¬´ pull moche de No√´l ¬ª </s><s> Cr√©√© en 2002, ¬´ le pull moche de No√´l ¬ª, de l'anglais ¬´ ugly",1,1,1,1
il y a un clause de confidentialit√© qui interdit de duvulger quelques infos dont on a la connaissance. </s><s> Donc oui c'est moche mais de la √† crier au scandale... Faut apprendre √† lire son contrat car on le signe donc en soit Orange et dans son droit,2,1,0,2
". </s><s> Il est vrai que l√†, √ßa a l'air s√©v√®re. </s><s> Oui je ne connaissais pas ce terme mais pour un plateau qui a jou√© 4 jours c'est moche !! </s><s> Bonjour, voici une photo du Star Wars prise √† lomme le 24 juillet. </s><s> Il y a des impacts de billes sur tout le plateau. .. </s>",1,1,1,1
int√©ressant m√™me si je pense il y aurais pu y avoir quelques ajouts mais la je ne suis pas ... </s><s> En ce samedi matin aussi moche que toute la semaine question m√©t√©o voici la 112 √âditions des Top Liens Du Net. </s><s> Au menu cette semaine d... </s><s> Le monde du web,1,1,1,1
"n'est pas le m√™me et que donc, les compagnies n'y perdent pas vraiment. </s><s> Daenerys, perso, les BJD low cost, je les trouve moches pour la plupart et je dois pas √™tre la seule √† penser √ßa apparemment... Celles qui me tapent dans l'oeil sont souvent des",1,1,1,1
"... je dirais plut√¥t qu'elle est jolie dans sa tenue non ?;) </s><s> En tout cas Karine Ferri a gagn√© la palme du pantalon le plus moche du monde ! </s><s> Le cocktail √† la mode est compos√© : la vieille bimbo ridicule , le clone insupportable des cagoles de t√©l√©",1,1,1,1
belle que tous √† l'heure Hugo: Mais comment je vais faire pour pas quelle sois belle Cl√©ment: Pourquoi tu veux la rendre moche ??? </s><s> Hugo: Pour pas quelle se fasse drague dans la rue Antoine: Bin se trop tard Hugo: Comment √ßa se trop tard Mendji: Bin,1,1,1,1
"√† l'affecter. </s><s> Si si) et que Tauriel est vraiment vraiment cool (et que quite √† prendre une fille ils ont pas pris la plus moche o/) </s><s> ‚ô¶ Guerrier ‚ô¶ </s><s> Je suis qu'√† moiti√© d'accord, pour le c√¥t√© Google traduction des araign√©es, parce que √ßa aide quand m√™me",1,1,1,1
aient confiance en elles). </s><s> - On les a tr√®s peu mises dans les transats (bon ok c'est aussi parcequ'ils √©taient vieux et moches !!) Du coup elles ont tr√®s vite cherch√© √† voir autre chose que le sol et le plafond et √©taient tr√®s motiv√©es pour relever,1,1,1,1
?m...&key=ebf699fac3 de 5 http://r3.fr.bloodwars.net/showmsg.php?m...&key=30193dff14 La derni√®re est moche je l'avous mais de la a dire qu'on ne vous envois que des poubelles faut arr√™ter </s><s> Moria = Al‘ëssa </s><s> Ce message a √©t√© modifi√© 3,1,1,1,1
"les pentes caillouteuses ouest jusqu'√† un replat. </s><s> De l√† √† flahc jusqu'√† la cabane Coaz 2610 m ! </s><s> La m√©t√©o annon√ßait moche le Lundi et beau ensuite..; nous etions mardi et il faisait moche ! </s><s> Gris... pas beau ! </s><s> Le d√©jeuner englouti, tout le monde",1,1,1,1
"justement car j'aime pas les France-Italie c'est tout ... donc je suis content du resultat , et meme si le match etait moche , c'est pas grave ... </s><s> PS.: J'ai compris ... et j'affirmerai pas que l'espagne est plus dure que les ritals, d'ailleurs je",1,1,1,1
m√©nage chez dc et de l'acteur principal. </s><s> Le dernier film de l'ancienne √®re. </s><s> pharrell Star wars d√©j√† √† la sortie c'√©tait moche sauf la revanche des sith . </s><s> Et la trilogie Snyder va mieux vieillir que n'importe quels fims de super h√©ros. </s><s> bigsnake moi,1,1,1,1
"1984 Golf 2 C LA5Z 1984 </s><s> Je les ferais noir mat ! </s><s> Pour les pneus, 185/45, le 165/50 √©tant un peu hard et le 195/50 √©tant un peu moche _________________ Objects in mirror are losing </s><s> Merci pour ton avis Pour les pneus, j'ai du 7x15 actuellement mont√© en",1,1,1,1
": en effet, ayant suivit le schema comme un labyrinthe, je me suis retrouv√© dans la case ""identitaire"" (d'un gris tout moche , brrr!). </s><s> Or les Identitaires officiels, sont r√©gionalistes, voire m√™me antifran√ßais (suffit de visiter le moindre",1,1,1,1
"coupe du monde sympa, mais comme d'hab avec EA sports, too much (comme le trop de confetis, et en plus ils sont trop moche sur la pelouse, genre flou N64), j'ai pas not√© de diff√©rence avec FIFA 09. mais bon je me pr√©tends pas expert. j'ai gagn√©",1,1,1,1
"vous dit qu'une telle est jolie et qu'il ne vous adresse pas le m√™me compliment, comprenez-vous qu'il vous trouve moche ? </s><s> Soyez √† l'aff√ªt des moments o√π cela se produit et appliquez le mod√®le ABCDE √† la situation. </s><s> Voici un exemple. </s><s> Le patron",1,1,1,1
"t√™te √† t√™te est en coton bleu clair style jean avec bords cousus, parfait pour cr√©er une d√©co chic et styl√©e. </s><s> Arf, c'est moche . </s><s> C'est pas tr√®s ""fair-play"" de la part du vendeur s'il t'avait dit oui. </s><s> Mais bon, je peux aussi comprendre que 6 billets",1,1,1,1
"donc l'appeler 3 fois (mais, apr√®s chaque appel, vous devez √©galement v√©rifier si quelque chose a √©t√© trouv√©). </s><s> Un peu moche , mais une approche alternative (aux autres d√©j√† post√©es) qui fonctionne: </s><s> Voici une impl√©mentation r√©cursive (pour",2,1,0,2
"du tout, c'est un peu une Yuri/Sooyoung bis, voix sympatoche mais du mal √† tenir la m√©lodie correctement et √† force c'est moche ... (je zappe biens√ªr les moments o√π Hyomin ne chante pas certaines parties parce qu'elle n'en est pas capable) Et",1,1,1,1
"devient vraiment une int√©grale Wanroij. </s><s> Douglas Williams, oui, √©nigme pour moi : pas de son, pas de graves, timbre moche , fran√ßais moyen, pas d'incarnation... Il se laisse plut√¥t bien regarder (grand, svelte, un brin t√©n√©breux), mais",1,1,1,1
"K-O ! </s><s> Retrouve Wilkinson sur http://www.wilkinsonbutterflyeffect.fr/ ! </s><s> On est toutes d'accord : les poils, c'est moche et on aimerait s'en d√©barrasser ! </s><s> En plus, parfois, √ßa fout la honte... Pfff, trop relou ! </s><s> Imagine 1 seconde : tu vois ta",1,1,1,1
", JML. √† plus. </s><s> philumax </s><s> Par loulmalet Le 14/06/2012 √† 15:05:33 </s><s> Salut, [ Mode coup de gueule ON ] Que dire ? </s><s> Bah, c'est moche comme je m'y attendais .... Surtout que le motif de la r√©ponse n√©gative est vraiment √† la limite du ridicule ... Comment",2,1,0,1
"s√©lection du prestigieux concours europ√©en comprend deux programmes web : G√©n√©ration Quoi et Hors-Jeu. </s><s> BD : Une Vie de Moche ‚Äì Le portrait d'une femme, le portrait de 60 ans d'Histoire, le portrait d'une diff√©rence ! </s><s> Un roman graphique qui nous",1,1,1,1
"hebdo et dites √† tous vos amis que vous souhaitez voir de nouvelles t√™tes. </s><s> ¬´ J'avais eu le Covid, j'√©tais blanc, moche et fatigu√© et √©trangement, l'ami d'enfance du fromager qui ouvrait dans mon quartier m'a trouv√© romantique ¬ª explique",1,1,1,1
sais m√™me pas comment je fais pour te parler sale pute. </s><s> Je comprends que Tom se foute de ta gueule. </s><s> T'es tellement nulle et moche que personne ne veut de toi. </s><s> Alors tu te venges sur les enfants qui sont mieux que toi ; √ßa me d√©goute. </s><s> Blam. </s><s> Une grande,1,1,1,1
"et courage. </s><s> Pour finir Daria (oui c'est moi !), et bien touffe de cheveux, grain de beaut√© au milieu du front (je trouve √ßa moche , la vie est mal faite), j'ai des grosses cuisses et je boude. </s><s> C'est tout moi ! </s><s> Jane ne figure pas sur ce dessin puisqu'elle",1,1,1,1
", j'ai test√© et √ßa ne m'a pas vraiment convaincu. </s><s> La for√™t de bambous aux environs de Faillaise notamment est assez moche , je dois dire. </s><s> Apr√®s, certains lieux sont assez r√©ussis, notamment la c√¥te ou le d√©sert, mais √ßa reste tr√®s en de√ß√† de ce",1,1,1,1
"le gripen </s><s> √âcrit par : michel | 25/07/2008 </s><s> la belle su√©doise pour moi aussi ! </s><s> Heu, le Gripen ah ah !! </s><s> Au fait qu'il est moche l'eurofighter, non mais vous avez vu √ßa on dirait un fer √† repasser ! </s><s> √âcrit par : Eric | 25/07/2008 </s><s> il est vrai que l'efa n'",1,1,1,1
"an et demi, Juliette ne la prends plus que pour la sieste et la nuit! </s><s> Elle sait qu'elle ne peut l'avoir en journ√©e. </s><s> C'est moche et en plus, on ne comprend pas ce qu'elle dit. </s><s> Et parfois, elle a envie de sa tutute le matin alors elle dit ""maman, je suis",1,2,0,1
", la vendeuse me conseilla gentiment). </s><s> Je choisis √©galement une magnifique robe qui ne faisait ni trop sexy ni trop moche . </s><s> Puis je partis. </s><s> Il √©tait 18 h 30, il me restait donc encore 1 heure et demie √† patienter. </s><s> Je d√©cidais de me poser sur une",1,1,1,1
"<s> release date:2023-01-20 11:38:58 source:voyance ex gratuit author:epicapeslot ÈòÖËØª:452Ê¨° </s><s> Bon d'accord, la photo est moche et re-moche ! </s><s> N√©anmoins c'√©tait d√©licieux et ultra simple. </s><s> Une petite glace √† la cerise, sans lait, en dessert par un",1,1,1,1
"liserets rouge et sans les autoc yokohama devant mais bon Repeint ton cache culbu et vire moi cette essui glace ar. c'est moche sa sert √† rien :P Tu pr√©voit pas un posage ?? (tu ferait mieux de me la vendre lol) Ah oui j'oubliait, tdb + panneaux de",1,1,1,1
"ne manquent pas et il doit √™tre possible de trouver de nouveaux profils. </s><s> V√©ronar, Shardar, Saxegaard sont ultra moches alors que Wor est le seul √† √™tre beau. </s><s> Pourquoi pas Wor ? </s><s> Il serait tr√®s bien il pourrait devenir vraiment cruel puisqu'il",1,1,1,1
", bien loin de Morgane de toi ; les monotones Petit bonhomme et Ta batterie sur son fils Malone ; le sombre La vie est moche et c'est trop court ; le scolaire Hyper Cacher ; les brouillons Mon anniv et Petit fille slave ; le superf√©tatoire",1,1,1,1
"activit√©s √©conomiques et commerciales alarment les d√©fenseurs de la ville durable et les d√©nonciateurs de la ""France moche "". </s><s> Dans le m√™me temps, les centres des villes moyennes et des villages se d√©vitalisent et continuent de se vider de leurs",1,1,1,1
"la tombal : il reste une petite place vers Sainte-Opportune. </s><s> les nouvelles Halles (vues d'apr√®s la maquette) seront moches et h√©las pour les karch√©risants , tout autant fr√©quent√©es par les jeunes-des-cit√©s que les Halles actuelles, qui sont",1,1,1,1
"la voir embarrasser, les g√™naient autant l'un que l'autre, apr√®s tout ce n'√©tait pas de √ßa faute √† elle, si elle √©tait moche au point de vouloirs cacher son visage. </s><s> Ce que ne savait pas les deux jeunes hommes, c'est qu'ils aller rencontrer LA",1,1,1,1
"Fais fais fais fais la f√™te tous les jours </s><s> Tu repr√©sente tout le plus beau dans ma vie. </s><s> Mon grand fr√®re ;) . </s><s> T'es vraiment moche putain !! </s><s> Bien trop d'ann√©es de conneries, bien trop d'ann√©es de confidance, de d√©cadence .... pour tout arr√™ter ! </s><s> J'ai",1,1,1,1
"√† chaque fois que j'en ai l'occasion et ce, en quelque compagnie que ce soit. </s><s> De plus, je ne suis pas particuli√®rement moche et il m'arrive souvent de jouer de mon charme pour impressionner ces dames, de jour, comme de nuit. </s><s> ‚Ä¢ Qualit√©s : Dr√¥le,",1,1,1,1
"euros, c'est les entr√©es de gamme respi, y'a pas moins cher √† ma connaissance), ils sont bien en rapport qualit√© prix. </s><s> Moches , mais biens </s><s> J'aimeJe n'aime pas </s><s> atchoum </s><s> Quand c'est trop la misere a reparer , c'est clair faut changer ! </s><s> Apres si jamais",1,1,1,1
"? ‚Äì Non, parfois j'ai eu affaire √† des tombes, mais c'est rare. ‚Äì Et pourquoi vous avez craqu√© ici, alors ! </s><s> Je suis si moche que √ßa ? ‚Äì La question n'est pas l√†, vous n'√™tes pas mon genre mais j'ai d√©j√† couch√© avec des plus moches, j'ai m√™me un",1,1,1,1
"un constat, sans porter de jugement. </s><s> On peut tres bien par exemple penser que ce que fait notre ami est affreusement moche , mais aimer tout de meme l'ami en question. </s><s> Ca s'appelle etre realiste. </s><s> On peut aussi ne pas aimer certains de ses",2,2,1,2
"tr√®s int√©ressant... y'a 2 joueurs de ma tables qui ont bien aim√©. </s><s> Moi j'ai trouv√© tr√®s plat, peu original et le design est moche . - - - Mise √† jour - - - Est-ce que l'anglais est abordable pour un gamin (6eme, qui joue a des jeux en anglais simple, genre",1,1,1,1
"les cin√©mas, au boulot, m√™me dans le d√©sert et au sommet de l'Everest. </s><s> Des jeunes, des vieux, des beaux, des so so, des moches , des petits, des moyens, des grands, des c√©libataires, des mari√©s, des veufs, et plein de divorc√©s qui aimeraient",1,1,1,1
"du bon, je suis √† la recherche d'un homme qui ait envie de se taper une femme chaude lib√©r√©e du cul. </s><s> Jolie et sexy, pas trop moche , j'ai un cul d'enfer, des nichons √©normes, je suis branch√©e par toutes les pratiques et m√™me les plus vicieuses, je suis",1,1,1,1
"a √©crit : ""Les chenilles cannibales vont venir te manger (d) ‚ô•"" </s><s> crazycamiille a √©crit : ""Les plus populaires et moche (ment belle) *-* Que r√™ver de mieux??? *000* ‚ô• Okayy je fonce voir ton article *-* ‚ô•"" </s><s> Chai pas moi je r√™verais bien de ...",1,1,1,1
". </s><s> Jeu redispo en √©dition limit√©e sur FNAC. </s><s> COM Bonne chance, √ßa va pas durer.... </s><s> Bonsoir les amis Voici un article tr√®s moche car je ne sais toujours pas mettre de photo sur gamekyo .... Voil√† les possesseurs de 3ds jap, avez vous des jeux √† me",1,1,1,1
"(au minimum, mais d'habitude ils sont plusieurs), une gentille madame, une relou madame, une crotte de nez, un dessin moche accroch√© au mur, une guirlande de machins ind√©termin√©s qui pendouillent, une temp√©rature d'environ 72 degr√©s (",1,1,1,1
"du jeune homme ont la particularit√© d'√™tres fonc√©s, voire noirs. </s><s> Mais Alekse√Ø tient √† ce qu'ils restent fins. </s><s> C'est moche les sourcils broussailleux ! </s><s> Ce visage p√¢le est encadr√© par une chevelure digne des mannequins d'il y a quelques",1,1,1,1
"actuelle (et un Monde ab√™ti)... Tout est dit: si √ßa commence √† √™tre rejet√© et que la grosse excuse est que ¬´ √ßa a l'air moche et cheap avant tout, j'aime pas la gueule que √ßa a ¬ª... on saura ce qui d√©range r√©ellement... L'image, moui... </s><s> C'est quoi",1,1,1,1
", de meme si quand je fais du hand je joue pour gagner le match sinon pas la peine de venir ... Et je pr√©f√®re une victoire moche que une belle MAIS la victoire de doit pas etre une victoire couverte de honte et ""couverte de mauvais geste"" Par exemple",1,1,1,1
". </s><s> Est ce que mourir ressemble √† √ßa ? * </s><s> kel horreur !! ocune fille a jam√© du te trouv√© bo. on dir√© un anorexik foi 1000 </s><s> t maigre t moche ahhh!!! il √© anorexique ou quoi i va peut-etre mourir? </s><s> ralala mon pauvre, je fait peut etre maigre mais pour ma petite",1,1,1,1
"proche devenu d√©pendant, et dont (la plupart du temps) la d√©pendance va en s'accentuant au fil du temps, j'ai trouv√© √ßa moche . </s><s> R√©ducteur et moche. </s><s> Alors je sais qu'en 140 caract√®res, d√©velopper une id√©e, un concept, un r√¥le aussi vaste que celui",2,1,0,2
"musique, contes, cirque et p√¢tisserie, des journ√©es pyjama avec p'tit d√©j offert aux parents, carnaval, pull moche de No√´l, Saint-Valentin en rouge... </s><s> Contact au 06 61 20 93 71 ou sur Facebook. </s><s> R√©serv√© aux abonn√©s </s><s> Ce Pok√©mon s√©cr√®te un",1,1,1,1
"et Mathilde Cerf L'occasion de d√©couvrir la somptueuse robe de mari√©e de Mathilde, la s≈ìur de Camille Cerf </s><s> robe trop moche , dommage camille cerf est jolie ;pourquoi pas ,plus de simplicite pas obliger d'avoir une robe comme cela </s><s> J'adore",1,1,1,1
"vendre plus de journaux, parce qu'ils pensent les femmes ""trippent"" √† se faire traiter indirectement de ""grosses"" moches . </s><s> Pour moi, c'est un gros manque de savoir-vivre de leur part. </s><s> Le milieu artistique est pro-homosexuel et",1,1,1,1
"des grimpantes aux √©tiquettes d√©fraichies et un gros ¬´ -50% ¬ª au dessus. </s><s> Je me dis qu'il ne doit rester que des vari√©t√©s moches , mais non h√©h√©! </s><s> Une Akebia Silver Bell, je pourrais comparer les deux, ce n'est pas une bonne id√©e? un beau pot de 2l √† 8‚Ç¨",1,1,1,1
", √ßa me fait plaisir, je suis certain que tes ti-pouts vont adorer! </s><s> Chaque fois que j'ai fait du riz frit...le rendu √©tait moche et le r√©sultat d√©cevant, j'ai donc arr√™t√© de me risquer. </s><s> Tu me donnes envie de r√©it√©rer, il a l'air d√©licieux ce riz. </s><s> Le",1,1,1,1
et je l'assume tout √† fait~ Je suis le croisement entre une metalleuse/yaoiste/jashiniste/adepte de la Sainte Pelle/ moche /Kiwiactivist √©colo qui aime la nature/et tout ce que vous voulez. </s><s> J'ai quelques probl√®mes dans ma t√™te (BEUUAAH! </s><s> T'as,1,1,1,1
"TU passe pour une POMER DLA VI alalallala la viie est tro zarbi .... </s><s> charlie, Post√© le mardi 29 janvier 2008 18:23 </s><s> SUPER MOCHE =D entre vous 3 je pref√®re l'arbre(dsl)ya que la verit√© qui blesse </s><s> fashion-boy66440, Post√© le lundi 28 janvier 2008",1,1,1,1
"tr√®s int√©ressante m√™me si artistiquement la plupart des ≈ìuvres ne m'ont pas touch√©e et m√™me √©taient plut√¥t "" moches "" dans le genre. </s><s> Tu as bien aim√© les doubles lectures lorsqu'il y avait des animaux et les tableaux d'Arcimboldo (arggg",1,1,1,1
"avez apport√© quelque chose ? </s><s> Mais c'est trop !"" Non vraiment, c'est tr√®s gentil, mais un poil trop. </s><s> Tokyo, 2080. </s><s> Il fait moche . </s><s> Binary Domain PS3 d√©bute comme √ßa. </s><s> Avant un vrai √©cran titre, avant le menu de d√©marrage : mise en sc√®ne de l'",1,1,1,1
"une comparaison entre la Demeure Du Chaos et Beaubourg Tous deux ont les tripes sur la fa√ßade... Mais √† Beaubourg, c'est moche ! </s><s> Et dans les 500m autour, je suis s√ªr qu'il y a des fa√ßades class√©es et des riverains m√©contents :)Vous devez vous",1,1,1,1
"r√©ponse, avec √† coup s√ªr plus d'information sur l'iPad mini d'ici les prochaines semaines. </s><s> Un ipad comme cela est un peu moche , non ? </s><s> Il a l'air d'√™tre tout en longueur... </s><s> Ce genre d'info me donne envie de poster la photo du bouton home de mon ipod en",1,1,1,1
", surtout que le rendu √©tait d√©j√† loup√© √† cause de la colle visible partout. </s><s> Au final, √ßa a donn√© un mini tricorne pirate moche auquel j'ai ajout√© des petits picots pour faire un pentagramme (que j'ai oubli√© d'inverser xD). </s><s> Pourquoi un",1,1,1,1
"en mati√®re du cadrage macro√©conomique. </s><s> Nous sommes all√©s y faire un tour hier matin parce qu'il faisait gris et moche et c'est toujours aussi magique. </s><s> Chaque fois que j'y vais, c'est pareil, j'ai l'impression d'avoir 7 ans et √ßa me met des",1,1,1,1
", j'ai donc suivi les explications du 6-9 ans, et rien √† faire, il rentre en for√ßant mais le motif est tout deform√©, trop moche . </s><s> J'ai essay√© le blocage avec une casserole, et c'est pareil, du coup la ptite chanceuse le... </s><s> Mod√®le ici, comme d'",1,1,1,1
"¬´ Si sur Insta, vous postez des photos de vous, que vous vous assumez. </s><s> Ne laissez personne vous faire penser que vous √™tes moche , que vous √™tes grosse, que vous √™tes trop maigre. </s><s> Car tous les corps sont beaux. ¬ª </s><s> Pr√™t √† fracasser le record Guinness </s><s> Le",1,1,1,1
"le magasin une personne qui parlait de son bac (pourtant neuf) qui s'√©tait mis √† couler peu apr√®s le remplissage, c'est moche . </s><s> Je n'ai que des 200 et 80? </s><s> Mais suite au don d'un aqua par un copain je me m√©fierais ... D√©j√† deux proprios... Aucun n'a",2,1,0,1
mois de septembre et donc cherche un gros cube </s><s> Non mais Am√©lie P√©rigordin!!!!!!!!!!!!!!! </s><s> M√™me si c'est vrai que c'est moche (quoi que pas pire que dordognot). </s><s> P√©rigourdin c'est les habitants de P√©rigueux. </s><s> C'est ENCORE un d√©bat de doctrine,1,1,1,1
"inside) </s><s> faire d√©couvrir, promouvoir er diffuser la danse contemporaine d√®s le plus jeune √¢ge </s><s> Dessins, brouillons moches , colos et r√©cits d√©biles... Ici sont mes petites oeuvres rien que pour le plaisir de vos yeux ! </s><s> Vous entrez sur les terres",1,1,1,1
"<s> Ma collection de pulls de No√´l </s><s> Nous sommes officiellement le jour du pull de No√´l !!! </s><s> Je devrais m√™me dire, le jour du pull moche de No√´l. </s><s> Toujours est-il que j'aime tellement son c√¥t√© kitsch que pour ma part, je les adore ! </s><s> Je ne vois rien de laid en eux",1,1,1,1
"temps au profit de la prouesse technique. </s><s> Et bien l√†, nous avons une fois de plus la preuve qu'un jeu peut √™tre assez moche et moyennement r√©alis√© tout en √©tant r√©ussi. </s><s> Car √ßa, on ne peut pas dire que les graphismes vous laissent pantois de",1,1,1,1
"question: Il faisait quoi le premier inscrit sur facebook ? </s><s> - Tu viens on fait une blague t√©l√©phonique √† la fille la plus moche de la classe? -Ok, c'est quoi ton num√©ro ? </s><s> - Ok, t'as 10 ans et t'as un iPod, Facebook, un Blackberry. </s><s> Moi, quand j'avais 10",1,1,1,1
"que nous offrons </s><s> Nous construisons des sites Web √† partir de z√©ro ou nous reconstruisons des sites Web anciens, cass√©s, moches , d√©suet ou tout simplement trop chers. </s><s> Nos clients d√©pendent de nous toute l'ann√©e pour h√©berger, g√©rer et prendre",1,1,1,1
l'√©carteur ou j'ai √©taie voir un perceur professionnel . </s><s> H√© pour l'h√©lix aussi . </s><s> Ha pourquoi il veux pas ? </s><s> Il trouve sa moche ? t'inqui√®te moi j'ai tout fait a 18ans j'ai la langue aussi vue que ses pas sur la photo . </s><s> H√©h√© qu'elle parti de tes,1,1,1,1
""" [*]une flop√©e de DLC sprites </s><s> Les wargamers sont aussi n√©s durant la pr√©histoire, du coup √ßa colle pas mal </s><s> Ah c'est un peu moche cette faute en effet Hop un trailer de gameplay qui sera plus parlant que le teaser. </s><s> Et je pr√©pare des vid√©os comment√©es",1,1,1,1
"Jessie </s><s> Oo-Laura-oO288 a √©crit : ""Tu peut autant faire un tribal avec une date^pour ton oncle , car un coeur c'est trot moche mdr"" </s><s> C est a sa que je pensais en dosant totalement autre chose faire un tribal en genre gourmet sur sur biceps avec la date",1,1,1,1
"de voir si je peux faire une texture qui √† ce c√¥t√© ""inclin√©"" pour arrang√© √ßa. </s><s> Sinon, si j'aligne les textures, √ßa va √™tre moche </s><s> Citation : </s><s> Le temple est super, super sombre... C'est √ßa le danger de jouer avec une brightness super √©lev√©e, on ne voit",1,1,1,1
"√™tre bien, moi qui pi√©tine depuis un moins devant la pelouse refaite et qui pousse lentement...D 'ailleurs si elle est moche , les rouleaux arriveront prestement ici; Profite bien de ta jolie terrasse, il y a du soleil, et le jardin est fleuri </s>",1,1,1,1
"vu qu'il n'y a pour l'instant rien qui va plus loin...), et √ßa fait plaisir apr√®s un Arsl√¢n qui avait un style hybride tout moche sur ce point. </s><s> √âvolution et crafting </s><s> Vous prendrez bien quelques bases de RPG ? </s><s> Bon, bien s√ªr, un Mus√¥ aujourd'hui ne",1,1,1,1
"du tout niveau son elle envois tout de m√™me pour son prix </s><s> Finition : </s><s> c'est pas mauvais, le vernis et tr√®s √©pais mais pas moche le vernis du manche et plus fin mais √† tendance √† s'abimer dans la partie aigu du manche </s><s> Des jeux plus l√©gers sur Xbox",1,1,1,1
"la v√©rit√© car sinon... C'est pas compliqu√© de faire un beau p'tit dosseret de selle, merde!! </s><s> Ceux qui sont sortis sont moches , ya un filon √† prendre l√†!!!... Oui je sais, j'suis √©nerv√©... Comme beaucoup, je vais rouler presque qu'en solo sur",1,1,1,1
"√©tait vide pour cause de rentr√©e toute proche... je ne l'ai pas photographi√©... Non, je rigole, c'est juste qu'il est moche et que j'ai cherch√© une autre id√©e. </s><s> Bonne fin de semaine √† tous. </s><s> SAINT MARTIN DE RE peinture √† huile sur toile de lin",1,1,1,1
"soit tr√®s r√©ussie ) </s><s> Mlle C: ah mais je te rassure je pr√©f√®re aussi mes cheveux plus clairs mais l√† c'√©tait vraiment trop moche ces racines et la couleur pass√©e. </s><s> Mlle C: merci ma belle, oui sur les photos √ßa rend moyen, j'ai rajout√© l'autre histoire",1,1,1,1
"est disponible sur notre site, il vous suffit de consulter les offres pour faire votre achat. </s><s> La cat√©gorie de Chaussons Moches : le tr√©sor des farceurs ! </s><s> Que vous soyez √† la recherche d'une paire de chaussons originale pour un d√©guisement, une",1,1,1,1
"ton choix !! </s><s> Bonnes routes ! </s><s> Apres il y a le c√¥t√© hybride de l'X ADV 750 de chez Honda Mi moto ,mi scooter ,je trouve ca super moche et super cher mais il a le m√©rite d'exister </s><s> J'aimeJe n'aime pas </s><s> gipsvar </s><s> L'analyse du changement est diverse : je ne ferai",1,1,1,1
<s> Super ! </s><s> J'ai l'impression que ton style s'est vraiment am√©lior√© pendant ton absence de la blogosph√®re (pas que c'√©tait moche avant hein ! mais l√† c'est encore mieux) ! </s><s> Le premier est vraiment cool (ces fringues... j'adore les corsets *amour,1,1,1,1
"plane, je me balance comme √ßa quand je suis d√©fonc√©, lol ¬ª, a ainsi comment√© un internaute sur Twitter. ¬´ La drogue, c'est moche ! ¬ª, a post√© un autre sur le r√©seau social. </s><s> D'autres estiment quant √† eux que la star am√©ricaine est poss√©d√©e. ¬´ Vous avez",2,2,1,2
"questions abondent, notamment sur Eder, pour la suite des qualifications pour le Mondial 2018. </s><s> ¬´ Recommencez √† jouer moche ¬ª, implore le quotidien sportif A Bola en Une. </s><s> Joao Moutinho a beau √™tre technique, Rapha√´l Guerreiro et Bernardo Silva",2,1,0,1
"des eaux de pluie, un capteur des gaz √† effet de serre, des turbines √† hydrog√®ne pour garantir le syst√®me quand il fait moche et un ¬´ pi√®ge √† sons ¬ª pour calmer les nuisances acoustiques, ach√®veraient de faire du tout un projet exemplaire. </s><s> On en",1,1,1,1
"vieil article sur le choix entre p√©dales plates et p√©dales automatiques (je sais, j'en reviens toujours √† ces p√©dales moches et √©normes mais absolument increvables), qui repose sur une conception scell√©e, tourne toujours comme au premier",1,1,1,1
"a des griffures, une petite r√©paration cacher sous de la peinture ou du gelcoat, des reste d'anti fouling, bref, c'est moche . </s><s> Il fait autour de 250kg, donc d√©j√† je pense le retourner pour travailler. </s><s> Mais apr√®s ? </s><s> Alors certe, j'ai d√©j√† lu quelque",1,1,1,1
"r√©ussie √† perdre 15 kilos et j'√©tais √† 95 kilos, j'√©tais tellement fi√®re de voir mes v√™tements trop grands et tellement moches , rester au fond de l'armoire... Et puis il y a eu toute cette histoire et mon irr√©pr√©cible envie de manger tout et n'",1,1,1,1
"perch√© sur une colline : le Castellet. </s><s> Les rues grimpent, la vue des alentours y est superbe et le temps n'√©tait pas trop moche ... Tout pour plaire ! </s><s> Cette photo a toute une histoire ! </s><s> Prise dans les ann√©es 80, je l'avais faite agrandir puis",1,1,1,1
"tr√®s tr√®s vite fait pour emporter mon repas de midi tous les jours au boulot (j'en avais marre des sacs en plastique tr√®s moches !). </s><s> Tissu japonais achet√© chez SuperBuzzy : Le ""comment faire c'est tr√®s simple"" : couper un rectangle d'environ 120 cm",1,1,1,1
"pour traverser la chauss√©e en s√©curit√© et circuler en direction de la salle des f√™tes / l'usine / la mairie de St Jean la moche , ou, en direction d'un √©tablissement scolaire / la zone... </s><s> Normalement, lorsqu'un √©difice est b√¢ti, ce sont les",1,1,1,1
"dans notre soci√©t√© est qu'elles procurent un soulagement imm√©diat des douleurs morales : si vous vous sentez seul, moche , idiot, rat√©, prenez du cannabis, du LSD, de la coca√Øne ou de l'h√©ro√Øne, et vous vous sentirez √† nouveau bien dans votre",1,1,1,1
"a combien? 20, 30, 50? ... j'ai un peu l'impression d'avoir vu le film complet ! (on ajoute une affiche particuli√®rement moche (en tout cas vers chez moi) ... pas bien terrible tout cela... </s><s> L'√©v√©nement plan√©taire de la semaine, ce n'est pas l'Euro",1,1,1,1
"la definition. </s><s> Au moins on se sent intelligent! </s><s> Et puis aussi il fait dorenavant partie de ma liste de mots les plus moches , et les plus difficiles a prononcer (essayez de le prononcer 10 fois de suite tres vite pour voir...)! </s><s> Sinon, tout va",1,1,1,1
"essaye de percer !!! </s><s> la fin des vacances approchent ! plus que 4jrs et je reprends le chemin de l'√©cole !!! il va faire moche pour le 1er mai, un peu ennuyeux mais nous avons eu un beau mois d'avril !!! </s><s> pauvre shadow , il a eu des ennuis, √ßa va √™tre un",1,1,1,1
"5 Si Tu M'aiMes bien ‚Ä¢ ‚Ä¢ Tape 6 Si Tu M'adORes ‚Ä¢ ‚Ä¢ Tape 7 Si Tu M'aiMes ‚Ä¢ ‚Ä¢ Tape 8 Si Tu Me TROuves belle ‚Ä¢ ‚Ä¢ Tape 9 Si Tu Me TROuves MOche ‚Ä¢ ‚Ä¢ Tape 10 Si T'aiMes bien MOn blOg ‚Ä¢ ‚Ä¢ Tape 11 Si Tu Me deTesTes ‚Ä¢ </s><s> De la par de toute la Team des Pagus, nous vous souhaitons un",1,1,1,1
"‚óè ¬´ J'aime comment t'assume ¬ª ‚óè Un r√©veil √† la Morning Live tr√©s t√¥t ‚óè Les missions Soldes o√π Noun' ach√©te les trucs les plus moches mais avantageux pour leurs prix ‚óè ¬´ Si je n'√©tais pas l√† pour m'emb√™ter, vous vous ennuierez de moi ¬ª [Noun'] ‚óè ¬´ Excusez",1,1,1,1
"ainstal√© dessu, √©t√© kom iver Eh ben la patronneuh la remplass√© par Skurvsta, di donk. </s><s> A kauz de sa nouv√®le kopine Cox. </s><s> S√© moche . </s><s> Sa tourneu !!! </s><s> C√© un skandale Je l√®me p√¥. </s><s> Kruelle sera ma venjansse... </s><s> Comprendre l'histoire et la dynamique de nos",2,1,0,2
"pourquoi tout le monde aime ff 6,mis √† part l'ost je ne vois pas d'autres point positifs dans ce jeux, les graphisme sont moches ,l'histoire est ridicule, le jeux est tr√®s facile il n'y a aucun challenge, mis √† part Shadow et Kefka les autres",1,1,1,1
"sur √©cole bruyante de l'avis m√™me de l'agence </s><s> Vous ne le savez peut-√™tre pas, mais je collectionne les cartes postales moches . </s><s> Attention, pas n'importe lesquelles ; pas les vulgaires avec des nanas les seins √† l'air ou avec des blagues",1,1,1,1
"crois plus au bio depuis qu'un employ√© chez un distributeur m'a dit que, lorsqu'ils ne voulaient pas jeter des l√©gumes moches , ils les mettaient dans les bacs ""bio"", ce qui en plus leur permettait de les vendre plus cher! </s><s> . . . les marchands du",1,1,1,1
"√† vous, Je me d√©cide a faire une petite candidature sur votre fofo, histoire de me pr√©senter. histoire que quand le vieux moche Demo me kill sache a qui il a a faire.. </s><s> personne n'ose me tuer je suis trop forte si qqun me kill je connais qqun qui fait coma",1,1,1,1
"que c'est radar, j'suis plus trop sur). </s><s> Une photo serai le top </s><s> Sinon, il y a des cabrio de 2CV, les Azelle et autre truc moche √† mon gout. </s><s> Les seuls que j'aime bien, ce sont les Umap et les Bijou. </s><s> Alors ce n'est pas une Radar n'y une Azelle, donc je",1,1,1,1
"(avec mon appareil photo qui, d√©j√† alors, montrait d'√©vidents signes de fatigue... tant pis, si les photos sont moches , l'arbre lui est joli!) </s><s> Ground Control </s><s> Ground Control </s><s> Pays: ITALIE </s><s> Type: Usine plastique </s><s> Alors que le contexte actuel",1,1,1,1
"√©tait une sacr√©e √©poque, √ßa.... </s><s> Et oui : finir sous tutelle de l'UDAF dans une maison de retraite-mouroir, c'est assez moche pour un gars comme √ßa. </s><s> Mais √ßa en dit long, et sur la soci√©t√© en g√©n√©ral, et sur celle des gitans en particulier. </s><s> P.S. et le",2,2,1,2
2010 15:52 </s><s> Espece de fake ! </s><s> T'es meme pas Kevin ! </s><s> Le vrai Kevin est ici : http://Really-Totally.skyrock.com T'es sii moche que ca pour te faire passer pour un bg ? :( </s><s> Hey c'est moi ! </s><s> Comment sa va .? </s><s> Est ce que tu as Facebook .? </s><s> Rep please Merci BisOou,1,1,1,1
", et Songsmith vous concocte une magnifique musique qui colle √† votre partition. </s><s> Bref, un compositeur automatique. </s><s> Moche . </s><s> Mais automatique. </s><s> 11/01/2009 </s><s> L'Am√©ricaine Nancy Pelosi, pr√©sidente d√©mocrate de la Chambre des repr√©sentants,",1,1,1,1
"en Europa League au rang d'outsider de la Champions, √ßa fait peur. </s><s> Comme ce type qui √©tait mari√© depuis 10 ans avec une moche et qui par la grace de la t√©l√©-r√©alit√© m√©dicalis√©e retrouve sa femme transfom√©e en poup√©e barbie en l'espace de",1,1,1,1
". </s><s> Je n'ai pas cette culture t√©l√©visuelle, et je suis horrifi√© par ce d√©ballage permanent. </s><s> On nous montre toujours le moche . </s><s> Pas pour nous donner conscience, mais pour se donner bonne conscience. </s><s> C. : Vous permettez √† Rose de prendre son destin",1,1,1,1
"sachez que Google va commencer √† mettre en avant les versions AMP des pages dans ses r√©sultats en position 0. </s><s> C'est moche . </s><s> Usability Metrics ‚Äì A Guide To Quantify The Usability Of Any System </s><s> Ne faites pas valider vos designs, faites-les",1,1,1,1
". </s><s> Une fois le sol √©pong√©, N¬∞1 a daign√© se remettre au lit moyennant un biberon de lait ti√®de. </s><s> Oui je sais que le lait c'est moche le soir au coucher mais on fait ce qu'on peut. </s><s> A 22H12 en plein mattage de la s√©rie ¬´ Homeland ¬ª, nous f√ªmes interrompus par",2,1,0,1
"qu'actuellement ce qui est un peu normal tu as une vison n√©gative des choses, mais tu sais, une chose n'est pas belle ou moche mais c'est juste notre fa√ßon de regarder qui change. </s><s> Tu crois que toutes les formations, les m√©tiers et les vies des",1,1,1,1
"√† la playa c mieux que le diesel), √† stocker DANS la bagnole - Chaise longue PVC ou Chaise de jardin ou Fauteuil pliable moche ( type p√©cheur avec porte canette dans l'accoudoir ) - Et bien sur Le spoutnick ( oblig√© ) : </s><s> Ah si, chauffage : la caisse √† la",1,1,1,1
"histoire bas√©e sur l'univers d'un des jeux de R2Games ? </s><s> Vous avez un zoli dessin inspir√© d'un des jeux ? </s><s> Si c'est pas trop moche , postez ici ! </s><s> Alors ici c le bronx, parlez de tout et de rien entre potes et potesses ! </s><s> Vous sortez d'une s√©ance dans les",1,1,1,1
"? </s><s> skyrock change encore mais l√† il ne s'am√©liore pas et se pourrit! pour ceux qui ont un sky, l'interface est toute moche , tout blanc avec un peu de bleu et rouge (c'est pour faire fran√ßais??lol)! </s>",1,1,1,1
"au 18 </s><s> Joli ton ranch !!! </s><s> Je n'ai pas ce mod√®le et c'est bien dommage </s><s> Moi j'ai le m√™me que abobo, il est comment l'autre ? </s><s> Plus moche j'en suis sur :p </s><s> A quand m√™me tu as droit √† des petites fleurs qui entourent ton all√©e et une forme de maison, un peu plus",1,1,1,1
"que la votre""depuis le temps ils auraient eu une vie plus heureuse,combien de generations perdus pour un resultat si moche , les hommes passent et leurs vies ne changent pas, j'aimerai leur dire ""ouvrez vos yeux le bonheur peut etre votre",2,1,0,1
"qu'il est que cette d√©claration √©tait un app√¢t et rien d'autre. </s><s> Modifi√© 5 juillet 2012 par Monsieur Mungo </s><s> Ce que c'est moche , ce vomi de haine √† l'encontre de son adversaire. </s><s> Silva gagnerait tant √† r√©gler le contentieux (qui n'en est pas un, d'",2,2,1,2
"de Juliette par TOUS les moyens. </s><s> Obstacles : Le p√®re de Juliette, militaire de carri√®re belliqueux. </s><s> Une nourrice moche et acari√¢tre. </s><s> Deux chiens bullweillers √©nerv√©s. </s><s> Et la malchance √©vidente de Rom√©o. </s><s> R√©sultat : Un suspense",1,3,0,3
", Amy Schumer avait fi√®rement d√©voil√© sa silhouette, un caf√© en main. ¬´ Belle, grossi√®re, forte, mince, grosse, jolie, moche , sexy, sans d√©faut, femme. </s><s> Merci Annie Leibovitz ¬ª, avait-elle √©crit. </s><s> A l'√©poque, la photographe am√©ricaine avait",1,1,1,1
et une bonne maniabilit√© </s><s> Ice2scream Post√© le 30 mars 2004 √† 17h58 </s><s> C'est sur que c'est sur PS2? </s><s> C'est tellement moche qu'on dirait de la PSOne voir de la GBA </s><s> Ce mec semble se trouver dans un autre monde que celui dans lequel je me trouve. </s>,1,1,1,1
"d'entendre St√©phane et Jean-Luc Delarue semble t-il assez complices, et d'entendre St√©phane parler √† sa m√®re. </s><s> C'est moche la mort des autres, et la mort jeune particuli√®rement. </s><s> Ah ce concert sos racisme 88 ! </s><s> J'y √©tait , la prestation fut",1,1,1,1
"toi entier, dans le meilleur et dans le pire. </s><s> Tu √©tais un homme comme les autres et tu as fait, toi aussi, des choses plut√¥t moches . </s><s> Blessantes parfois. </s><s> Les col√®res que tu piquais quand je m'√©corchais les genoux parce que j'√©tais pas foutue de jouer",2,2,1,2
"t'as des trucs marrants et piquants plut√¥t, l√† c'est un peu plat jeune homme de juste dire que tu pr√©f√©rais l'ancien tout moche . </s><s> julie </s><s> 6 f√©vrier 2016 at 15 h 34 min </s><s> j'ai un peu le m√™me souci que vous cot√© v√©lo, pas de groupe pour moi non plus √©tant donn√©",1,1,1,1
"√©cho ou de r√©sonance par exemple. </s><s> Mais cet appendice est particuli√®rement peu esth√©tique pour ne pas dire r√©solument moche , non ? </s><s> Je ne reviendrai pas sur les bienfaits de ceux-ci : de toute fa√ßon, les motards qui ne sont pas convaincus de leur",1,1,1,1
"r√©guli√®rement. </s><s> Et en √ßa je te respecte. </s><s> Sache qu'il y a quand m√™me deux chances sur deux que ton dressage soit super moche . </s><s> Mais c'est possible de le faire quand m√™me. </s><s> Si tu utilises une mandoline, fait bien gaffe √† tes doigts. </s><s> Sinon tu",1,1,1,1
"d√©marche locavore, l'entreprise travaille avec une vingtaine de producteurs r√©gionaux en reprenant leurs fruits ¬´ moches ¬ª et invendus dans une logique de lutte contre le gaspillage alimentaire."" </s><s> Histoire recueillie sur la page Wikip√©dia",1,1,1,1
"et je savais quel genre d'album j'allais faire, je me suis dit, ¬´ Soit √ßa passera, soit je vais devoir me battre, et ce sera moche ! ¬ª. </s><s> Je suis toujours tr√®s optimiste !(rires). </s><s> Mais finalement, rien de tout √ßa n'est arriv√©. </s><s> Je ne laisserai jamais un",1,1,1,1
"par attraper un rhume vu comment elle s'habille. </s><s> Mais elle n'est pas d√©rangeante, elle sort souvent avec deux Nains moches et poilus : Okar et Tralzeust je crois qu'ils s'appellent. </s><s> Je ne sais pas ce qu'ils font ensemble, mais √ßa lui rapporte",1,1,1,1
"suppose qu'il faut lui √©viter la chaleur du moteur, mais le faire passer au-dessus du r√©servoir est particuli√®rement moche et pas stable. </s><s> Quelqu'un a-t-ol une solution? </s><s> Merci </s><s> Il court sous mon r√©servoir attach√© avec des colliers aux autres",1,1,1,1
". </s><s> Exemple pr√©co THX </s><s> Deux questions a ceux qui ont vu le film : L'actrice qui accompagne Brad Pitt porte toujours des pulls moches ? </s><s> Pleut il toujours a Seattle ? </s><s> Sauf que dans les concerts qui se respectent la zone proche des HP est interdite, alors que",1,1,1,1
"Gaiman) toute la limite du projet : point d'√©pure gothique, cr√©pusculaire et quasi sensuelle ici, mais des couleurs moches et des environnements ternes, des tentatives po√©tiques rat√©es et, Netflix oblige, une grosse louche de moraline. </s>",1,1,1,1
"c'est s√ªr : on peut toujours s'indigner apr√®s coup. </s><s> √áa soulage et √ßa ne d√©range personne... </s><s> Br√ªlons Paris (en plus c'est moche et √ßa pue), et reconstruisons un Lut√®ce en maisons de pailles et de bois abordables et ouvertes √† l'√©tranger (ce qu'",1,1,1,1
"suis pass√© chez toi avec l'intention de saluer Ronron, mais je ne l'ai pas vu </s><s> Ma nouvelle Clinique V√©t√©rinaire est d'un moche !! </s><s> Si tu savais... Mais le nouveau docteur de Choufille (c'est son pseudo bloguesque et son petit surnom, en vrai, elle a",1,1,1,1
"jours pour s'en remettre. </s><s> Je pense que beaucoup de trentenaires affirmeront et ne pourront nier cette √©vidence. </s><s> C'est moche de vieillir, moi je vous le dis, surtout quand tu te r√©veilles avec la t√™te en Picasso... je vous laisse imaginer ! </s><s> Quoi",1,1,1,1
", je suis ravie d'avoir √©t√© pr√©sente √† votre petit d√©jeuner hihi Crois moi, je fais aussi plein de trucs biscornus ou tr√®s moches , qui ne finissent pas sur le blog mais qu'on mange avec grand plaisir quand m√™me (j'ai souvenir d'un entremet qui s'est",1,1,1,1
"%. ( EMAIL ) </s><s> Emma Watson... Emma Thompson... Veuillez √©crire en fran√ßais ! </s><s> Merci de corriger... </s><s> 137//.Bonjour belle ou moche anastasiaBrenda mdr...,anastasia le Matin,et Brenda la NUIT MDr :lol: </s><s> Artiste (Actrice) - Artiste (R√©alisatrice)",1,1,1,1
", √ßa partait dans tous les sens, des d√©calages √† tous les pupitres, des couacs aux cuivres (un des orchestres les plus moches que j'ai entendus cette saison), et E√∂tv√∂s (dont j'ai beaucoup admir√© la direction par ailleurs) n'en finissait pas d'",1,1,1,1
"de la musique tr√®s bruyante, avec une explosion de sons et d'accords in√©coutables... ""Ca veut faire du bruit mais c'est moche r√©p√©titif et √ßa veut rien dire..."" Mais ces gens l√† doivent √©couter le th√®me m√©dian et final du concerto pour violon ; le",1,1,1,1
"les mus√©es. </s><s> J'ai lu en pr√©parant cet article des commentaires de parents parlant de honte. ¬´ Mon fils a dit que c'√©tait moche , la honte ¬ª. ¬´ Ma fille a couru dans la salle, la honte ¬ª. </s><s> Bon j'ai du mal avec les enfants tr√®s turbulents (et ma fille est",1,1,1,1
"sur sa mani√®re de travailler pour mettre au point ses campagnes Facebook et ses pages de vente. </s><s> Si vous √™tes moche , pauvre et pas int√©ressant vous pouvez quand m√™me s√©duire de superbes filles... sisi, il suffit de lui demander üòâ",1,1,1,1
"une bonne √¢me qui se serait sentie flou√©e et qui voudrait bien le revendre √† 30 euros ? </s><s> Promis je le revends √† 15 ! </s><s> Chiant, moche et r√©p√©titif, la marque de fabrique de Koei est donc respect√© :o </s><s> Je viens de relancer le premier histoire de v√©rifier ce",1,1,1,1
il sera visible dans quelques jours sur les routes du Tour de France. </s><s> Giro innove encore. </s><s> Mais dommage que le casque soit moche m√™me si le reste est de haut niveau. </s><s> On dirait les vieux casques boudins de l'√©poque. </s><s> Par contre le soit disant Roc Loc Air,1,1,1,1
"efficace, au contraire. </s><s> Nous pourrions multiplier les exemples en parlant des forts et des faibles, des beaux et des moches ... </s><s> Attention, tous ces propos ne remettent aucunement en cause l'existence de diff√©rences individuelles parfois",1,1,1,1
", nous avons d√©vi√©. </s><s> S'il fallait d√©signer un th√®me, aujourd'hui que le film est termin√©, j'emploierais ce terme tr√®s moche , et qui d'ailleurs n'existe pas, de ¬´ victimisation ¬ª. </s><s> C'est un mot de l'√©poque : les Juifs et les Arabes se d√©chirent",1,1,1,1
", c'est une masse compacte, bruit pas aussi blanc que la vapeur dans la salle, mais bien dense aussi. </s><s> Drone berlinois moche et m√©chant, satur√© ‚Äì √† ce moment de la soir√©e, offline et na√Øf, √† peine d√©barqu√© dans une ville o√π la sir√®ne des pompiers a",1,1,1,1
CHRISTOPHER LEE. </s><s> Ahrem pardon. </s><s> Sinon j'aime bien Christian Bale et Kurt Russel (m√™me si dans boulevard de la mort il est moche .) mais j'admire bon nombre de r√©alisateurs et d'acteurs (en bonne cin√©phile.) </s><s> Niveau du RP : Mauvais. (j'ai d√©cid√© d',1,1,1,1
"quelque chose, cette marque! </s><s> Est-ce que tu sais ou est-ce que je peux en trouver? </s><s> Est-ce que se sont des chaussons tres moches (juste pour savoir, quand meme! ) Bisous *CG* </s><s> Ah c'est cool! </s><s> Ca se trouve partout, donc! </s><s> Mes pieds vont enfin pouvoir",1,1,1,1
", un bled qui servait de station baln√©aire foireuse l'√©t√© et de mouroir l'hiver. </s><s> Je n'ai crois√© que des vieux, des moches , des cass√©s, il a plu tout le temps, le sol √©tait couvert de chenilles processionnaires, elles √©taient en avance et √ßa",1,1,1,1
", notamment). </s><s> Quand tu es plus pr√®s, tu as la carte physique, tu vois les arbres et montagnes. </s><s> Et je trouve √ßa √† la fois moche et peu lisible. </s><s> Question de go√ªt, je le reconnais, mais il n'emp√™che que √ßa entra√Æne une boucle de gameplay tr√®s chiante",1,1,1,1
auront du plaisir √† s'int√©resser √† votre annonce. </s><s> Vous ne pouvez pas voir clairement dans une photo que vous avez l'air moche et porter le choix sur celle-l√† si vraiment vous comptez baiser. </s><s> Il est important de se rappeler que toutes les photos d',1,1,1,1
", une jeune fille du pays ""√† la gr√¢ce quasi divine"" qui lui apprendra √† ""faire avec l'existant, m√™me avec le pourri, le moche , l'injuste. </s><s> M√™me avec la mort, la maladie, la d√©ception. </s><s> L'absence."" Un joli roman initiatique √† l'atmosph√®re",1,2,0,2
"s'amuser en voyage d'affaires, et, dans cet article, comment rester en bonne sant√© en voyageant. </s><s> Parce que si tu te sens moche , rien d'autre de votre voyage n'aura d'importance. </s><s> Si vous avez d√©j√† eu envie de dormir pendant deux jours juste apr√®s",3,3,1,3
"accessoires de cuisine usag√©s. </s><s> Plaisir garanti! </s><s> Votre regard s'est tourn√© vers une chaise vintage √† la peinture un peu moche ? </s><s> Rien de mieux que de la transformer en balan√ßoire! </s><s> Pour les enfants (et les grands!), un coup de pinceau, des cordes ou",1,1,1,1
"avec l'image mise par Ansset, mais elle m'attire pas pour pas oser dire que je la trouve sans attrait voir un tantinet moche . </s><s> Ben franchement, si on la compare aux horreurs que nous pondent r√©guli√®rement les √©diteurs de bit-lit, je trouve",1,1,1,1
"avec ¬´ A very merry christmas ¬ª ‚Äì Grosse √©toile ‚Äì Noir </s><s> Note Amazon ‚Äì 30 novembre 2022 </s><s> Au moment de la publication de ce pull moche sa note √©tait de 3,9 pour 1 343 commentaires sur Amazon. </s><s> Un pull de no√´l moche qui semble faire son travail üòâ </s><s> Tous les",1,1,1,1
"la garantie , virer ou non l'√©cran sant√© de demarrage , augmenter l'autonomie parce que les passme&co √ßa consome /fait moche /g√®ne. </s><s> Une petite question pour que je comprenne ou j'ai rat√©... Si le %tage s'arrete, cela veut dire quoi ? </s><s> Que c'est",1,1,1,1
"pas une petite vanne de Florent pour detendre l'atmosphere. </s><s> C'est vrai que jeter des sacs plastiques dans la mer c'est moche . </s><s> Comme de laisser un papier par terre. </s><s> D'ailleurs est-ce de l'ecologie ou bien juste du savoir-vivre? </s><s> On est d'accord,",2,2,1,2
"me donne une id√©e: au jardin les cd ont leur utilit√© pour faire peur aux oiseaux, mais j'en mets pas parce que je les trouve moches . mais habill√©s comme √ßa, ils brilleront toujours et seront en m√™me temps d√©coratifs dans mon potager. </s><s> Maryded </s><s> Sujet:",1,1,1,1
"surface, c'est pas dit qu'il me remarque... </s><s> on dirait maman qui sort son petit gar√ßon - a t il des dons d'escalade </s><s> elle est moche , mais elle est riche - le valls pas aussi d√©sint√©r√©ss√© qu'on croit </s><s> Comme par hasard ! il n'est pas tomb√© amoureux de la",1,1,1,1
en hiver pour qu'ils ne trainent pas dans le coffre arri√®re. </s><s> 5/ Jantes </s><s> J'ai vir√© les enjoliveurs Aero que je trouve assez moches . </s><s> Les jantes sont plus sympa mais fragiles. </s><s> Elles marquent pas mal les coups de trottoirs que je leur ai inflig√©s les,1,1,1,1
en est atteint ainsi qu'√† des facteurs environementaux. </s><s> Il suffit parfois d'ouvrir ses rideaux et de voir qu'il fait moche pour d√©primer. </s><s> Cette d√©prime devient pathologique uniquement lorsque l'individu n'arrive plus √† s(int√©grer dans la,1,1,1,1
"... je te comprend !! l√† il est scotch√© a son ihpone ! tant mieux pour toi, parceque le mien, il me fait genre, c bon on y va, c moche tout ca !! ahahaha Bisous ma belle ! </s><s> Lol la ca va il ralait pas, plong√© dans son iPhone le temps devait passer plus vite lol =",2,1,0,2
"pel√©e ! mdrrr... ah moi la neige hein.. bien que c'est joli √† la montagne rien √† voir avec ici ou c'est franchement moche .. bon ben ce soir dodo tot, demain une journ√©e m'attend d√®s 8H j'appelle mon toubib pour voir le rdv pour rappel kevin, ma",1,1,1,1
"Mais aucune aide turn, ni river. </s><s> Non, c'est une fois √©limin√© que Vincent s'est fait blouffer... par moi ! </s><s> ¬´ Ouah nan c'est moche √ßa ! ¬ª me lan√ßa-t-il avec malice en voyant que je le prenais en photo une fois son √©tiquette arrach√©e. </s><s> - T'inqui√®te, je l'",2,2,1,2
et on peut consid√©r√© que mes 8 mois avec des nattes n'ont servies √† rien (√† part avoir dread√© les racines) Attention c'est moche et √ßa pique les yeux (Mes vanilles ressemblent √† des meringues qu'on voit dans les stand de confiseries dans les foires,1,1,1,1
". </s><s> W.W </s><s> llhzn, Post√© le mercredi 28 mai 2014 23:23 </s><s> Argh mais c'est compl√®tement une salope cette Meredith (son pr√©nom est moche en plus mdrr) j'vais la tuer, mais d'o√π elle vole le premier baiser de zayn ? pute triple pute. </s><s> Je sens que je vais pas",1,1,1,1
"PBR. </s><s> C'est cool √ßa, mais pour l'ic√¥ne du fichier .exe lui m√™me.... comment en faire une jolie ?? la mienne est super moche ! merci d'avance. </s><s> Salut, pour l'icone du fichier .exe, vas dans l'application, bouton , onglet . </s><s> est-ce qu'on peut",1,1,1,1
"balan√ßant le message qu'il faut sur ce port, il lui a √©t√© possible de r√©cup√©rer le mot de passe du routeur en clair. </s><s> C'est moche . </s><s> Cela a √©t√© confirm√© sur les Linksys WAG200G, Netgear DM111Pv2 et Linksys WAG320N (pour le moment...). </s><s> Si vous d√©sirez",1,1,1,1
"classique, ¬´ qualitative ¬ª, est mise en porte-√†-faux : fin du beau paysage, fin du paysage banal, fin du paysage moche . </s><s> La structure, l'agencement spatial ont disparu, il ne reste que les √©l√©ments constitutifs originels ramen√©s √† des",1,1,1,1
"y a pire x). </s><s> Le blog est court, le contenu ne m'int√©resse pas personnellement (mais pour une fois qu'il y a pas de sms tout moche tout illisible dans un blog) _________________ http://akira.forumperso.com : le forum du jeu Akira et LoN, venez",1,1,1,1
en passer si tu aimes cette tenue ? il faut juste l'assumer. </s><s> Je vois bien pire (attention je n'ai pas dit que ta tenue √©tait moche simplement je te d√©montre que d'autre osent !)dans la rue alors pourquoi pas ?! en tout cas c'est un bon coup de gait√© ! on,1,1,1,1
"en √©quipe, m√™me si pour cela je dois me faire des ennemis et m'appliquer √† les niquer. </s><s> Il n y a aucune raison pour que les moches et les cr√©tins aigris l'emportent. </s><s> A bas les mesquins, moi et les miens, on taille notre route. </s><s> Si j √©tais si troubl√© lors",1,3,0,3
"la chose, on est partis avec mon CE, ce qui fait qu'on s'est retrouv√©s dans un h√¥tel vraiment pas top, propre hein, mais moche , dans un coin paum√© et avec un petit d√©j d√©gueulasse (oeufs en tube et tang en guise de jus d'orange je pense). </s><s> Mais bon, vu",1,1,1,1
"n'a pas voulu bouger Mais qu'elle cake !! </s><s> Bon mettons les choses au clair, c'est assez compliquer, oui mon lapin s'appel moche , non je ne suis pas une mal traiteuse de lapin ou quoi que ce sois, mon lapin s'appel Moche, point bar. </s><s> Euh, pour faire",1,1,1,1
"noirs puis des enfants blancs. </s><s> Tous les enfants pr√©f√©raient les poup√©es blanches, et trouvaient les poup√©es noires moches ! </s><s> Et bien c'est pareil pour ce cas la! </s><s> Alors oui il faut √©duquer les enfants, et faire en sorte que les petites filles ne se",1,1,1,1
"deux nouveaux dans l'Univers Etendu. </s><s> Bon, et le r√©sultat n'est pas franchement folichon, sans √™tre non plus carr√©ment moches . </s><s> Mais certaines cases donnent l'impression de ne pas √™tre achev√©es : on a l'impression de contempler des paysages √†",1,1,1,1
"autoris√©s en classe: Valeureux li√©geois, Li Bia Bouquet (La marseillaise est sanguinaire, mais la braban√ßonne est moche .) Le Vlaamse leeuw (tant qu'il aura des kleuten) vous donne droit √† un rendez-vous au centre PMS pour une consultation",1,1,1,1
", des fuites de gaz, des chats dans la gorge (pas tous en meme temps), des revisions, beaucoup de fou rires, du beau, du moche et du kitsch </s><s> J'avais eu le malheur de venir √† l'avance au rendez-vous que j'avais fix√© avec Kazumi. </s><s> Je m'√©tais assise sur",1,1,1,1
"conscience qu'en fran√ßais, tu ne peux pas vocaliser autant sans trahir quelque chose... Ce n'est pas tant que ce soit moche √† entendre, mais c'est comme si tu cherchais √† imiter une autre langue en fran√ßais, et c'est √ßa que je trouve assez laid en",1,1,1,1
". </s><s> Je rentre pas dans les clous mais je peux voter quand m√™me ? </s><s> Parce que **Jok **a un super avatar ! </s><s> Flad a un avatar aussi moche que lui ! </s><s> Je voterais bien pour Hyeud, mais comme il va me payer des bi√®res je vais √™tre accus√© d'avoir √©t√© achet√©. </s><s> Je vote",1,1,1,1
"septembre 2003 √† 19h38 </s><s> Ce jeu passionnant, complet, beau (malgr√© la 2D) et prenant √©tale √† plate couture l'ennuyeux et moche ¬´ Heroes of might & magic IV ¬ª </s><s> Le Louvain Innovation Network est un r√©seau mis en place √† l'initiative de l'UCLouvain, qui",1,1,1,1
". </s><s> Si t'as pas lu, t'arrives dessus. </s><s> J'ai eu des probl√®mes avec Corti √† une √©poque enfin il m'avait dans le pif . </s><s> C'est moche la double peine, je l'a souhaite √† personne </s><s> Tiens tu es en Hollande, hs complet sur le pinard. </s><s> Hier je me suis fais insult√©",2,1,0,2
" je trouve cette pochettre tout simplement hideuse. autant en n&b ca passait encore pas mal, autant ici c'est very moche ! (mais chacun ses gouts ) en esperant que le contenu sera meilleur que le contenant........ </s><s> je terminerai ici avant d",1,1,1,1
"des pros et ca a √©t√© pour moi le facteur d√©cisif √† l'adoption de cette technologie. </s><s> Adieux les boitiers Teko, couteux, moches , et jamais au bon format. </s><s> Il y a de nombreux exemples de r√©alisations ici m√™me sur le forum. </s><s> J'utilise depuis longtemps 3",1,1,1,1
"vous conseil de traduire les paroles car elles sont magnifique aussi ^^. </s><s> Pete Doherty: ""Kate Moss est une vielle peau et moche , si j'√©tais avec elle c'est parce que c'est un bon coup et elle est multimillionaire"" [Mr mauvaise fois... - -' ] </s><s> (Il a dit",1,1,1,1
"fils je me demande bien ce que je fous encore dans ce monde. </s><s> Moi aussi. </s><s> Quand je vois les photos de mes amis je me sens nulle moche et grosse... </s><s> J'ai des TCA, donc je suis un peu obsessionnelle. </s><s> Je mange le moins possible et je fais autant de sport que je",1,1,1,1