passage,question,answer,mutation_change,answerable,answer_type,gpt5_answer,gpt5_correct,llama_answer,llama_accuracy,gpt_old_answer,gpt_old_accuracy
"Iaith Germanaidd sy'n frodorol i Loegr yw'r Saesneg (English). Mae'n un o ddwy iaith swyddogol yng Nghymru (ynghyd â'r Gymraeg) yn ogystal, ac yn un o ieithoedd mwya'r byd. Mae'n llawer iau na'r Gymraeg a'r ieithoedd Celtaidd eraill. 
Datblygodd y Saesneg o iaith llwythau Germanaidd ag ymsefydlodd ym Mhrydain rhwng y bumed a'r 7g gan ddisodli iaith a diwylliant y Brythoniaid brodorol o rannau o dde-ddwyrain Prydain a chreu'r teyrnasoedd Eingl-Sacsonaidd. Erbyn 10g roedd y teyrnasoedd hyn wedi uno i greu teyrnas Lloegr. Lledodd y Saesneg drwy'r byd yn sgîl trachwant imperialaidd y Saeson a arweiniodd at greu gwladfeydd Seisnig mewn sawl rhan o'r byd.",Pa deyrnas cafodd ei greu erbyn 10g?,Lloegr,1,1,location,Teyrnas Lloegr,1,Teyrnas Lloegr,1,Teyrnasoedd Eingl-Sacsonaidd,0
"Iaith Germanaidd sy'n frodorol i Loegr yw'r Saesneg (English). Mae'n un o ddwy iaith swyddogol yng Nghymru (ynghyd â'r Gymraeg) yn ogystal, ac yn un o ieithoedd mwya'r byd. Mae'n llawer iau na'r Gymraeg a'r ieithoedd Celtaidd eraill. 
Datblygodd y Saesneg o iaith llwythau Germanaidd ag ymsefydlodd ym Mhrydain rhwng y bumed a'r 7g gan ddisodli iaith a diwylliant y Brythoniaid brodorol o rannau o dde-ddwyrain Prydain a chreu'r teyrnasoedd Eingl-Sacsonaidd. Erbyn 10g roedd y teyrnasoedd hyn wedi uno i greu teyrnas Lloegr. Lledodd y Saesneg drwy'r byd yn sgîl trachwant imperialaidd y Saeson a arweiniodd at greu gwladfeydd Seisnig mewn sawl rhan o'r byd.",Pa lwythau a ymsefydlodd ym Mhrydain?,Germanaidd,1,1,adjective_phrase,llwythau Germanaidd,1,Lwythau Germanaidd.,1,Germanaidd,1
"Iaith Germanaidd sy'n frodorol i Loegr yw'r Saesneg (English). Mae'n un o ddwy iaith swyddogol yng Nghymru (ynghyd â'r Gymraeg) yn ogystal, ac yn un o ieithoedd mwya'r byd. Mae'n llawer iau na'r Gymraeg a'r ieithoedd Celtaidd eraill. 
Datblygodd y Saesneg o iaith llwythau Germanaidd ag ymsefydlodd ym Mhrydain rhwng y bumed a'r 7g gan ddisodli iaith a diwylliant y Brythoniaid brodorol o rannau o dde-ddwyrain Prydain a chreu'r teyrnasoedd Eingl-Sacsonaidd. Erbyn 10g roedd y teyrnasoedd hyn wedi uno i greu teyrnas Lloegr. Lledodd y Saesneg drwy'r byd yn sgîl trachwant imperialaidd y Saeson a arweiniodd at greu gwladfeydd Seisnig mewn sawl rhan o'r byd.",Pam lledodd y Saesneg drwy'r byd?,trachwant imperialaidd y Saeson,0,1,noun_phrase,Yn sgîl trachwant imperialaidd y Saeson,1,Trachwant imperialaidd y Saeson.,1,LLEDDODD TRACHWANT IMPERIALAIDD Y SAESENNAID.,0
"Iaith Germanaidd sy'n frodorol i Loegr yw'r Saesneg (English). Mae'n un o ddwy iaith swyddogol yng Nghymru (ynghyd â'r Gymraeg) yn ogystal, ac yn un o ieithoedd mwya'r byd. Mae'n llawer iau na'r Gymraeg a'r ieithoedd Celtaidd eraill. 
Datblygodd y Saesneg o iaith llwythau Germanaidd ag ymsefydlodd ym Mhrydain rhwng y bumed a'r 7g gan ddisodli iaith a diwylliant y Brythoniaid brodorol o rannau o dde-ddwyrain Prydain a chreu'r teyrnasoedd Eingl-Sacsonaidd. Erbyn 10g roedd y teyrnasoedd hyn wedi uno i greu teyrnas Lloegr. Lledodd y Saesneg drwy'r byd yn sgîl trachwant imperialaidd y Saeson a arweiniodd at greu gwladfeydd Seisnig mewn sawl rhan o'r byd.",Pa fath o iaith yw'r Saesneg?,Germanaidd,0,1,adjective_phrase,Iaith Germanaidd,1,Iaith Germanaidd,1,Iaith Germanaidd,1
"Iaith Germanaidd sy'n frodorol i Loegr yw'r Saesneg (English). Mae'n un o ddwy iaith swyddogol yng Nghymru (ynghyd â'r Gymraeg) yn ogystal, ac yn un o ieithoedd mwya'r byd. Mae'n llawer iau na'r Gymraeg a'r ieithoedd Celtaidd eraill. 
Datblygodd y Saesneg o iaith llwythau Germanaidd ag ymsefydlodd ym Mhrydain rhwng y bumed a'r 7g gan ddisodli iaith a diwylliant y Brythoniaid brodorol o rannau o dde-ddwyrain Prydain a chreu'r teyrnasoedd Eingl-Sacsonaidd. Erbyn 10g roedd y teyrnasoedd hyn wedi uno i greu teyrnas Lloegr. Lledodd y Saesneg drwy'r byd yn sgîl trachwant imperialaidd y Saeson a arweiniodd at greu gwladfeydd Seisnig mewn sawl rhan o'r byd.",A yw'r Saesneg yn debyg i'r ieithoedd Celtaidd?,DIM YN Y DARN TESTUN,0,0,none,Na,0,DIM YN Y DARN TESTUN,1,DIM YN Y DARN TESTUN,1
"Cantores R&B ac actores yw Beyoncé Giselle Knowles (ganwyd 4 Medi 1981). Roedd hi'n aelod o'r gr?p Destiny's Child. Hefyd mae hi'n gynhyrchydd recordiau ac yn cyfansoddi ei chaneuon ei hun. Fe'i ganed a'i magu yn Houston, Texas, lle mynychodd ysgol berfformio. Dechreuodd gystadlu mewn cystadlaethau canu a dawnsio pan oedd yn blentyn. Daeth Knowles yn enwog ar ddiwedd y 1990au fel prif leisydd y gr?p ""Destiny's Child"". Tra gyda'r gr?p, gwerthodd Knowles dros 50 miliwn o recordiau'n fyd-eang ac yn ystod ei gyrfa llawn, mae wedi gwerthu dros 75 miliwn o recordiau.",Pryd ganwyd Beyonce?,4 Medi 1981,0,1,date,4 Medi 1981,1,4 Medi 1981,1,4 Medi 1981,1
"Cantores R&B ac actores yw Beyoncé Giselle Knowles (ganwyd 4 Medi 1981). Roedd hi'n aelod o'r gr?p Destiny's Child. Hefyd mae hi'n gynhyrchydd recordiau ac yn cyfansoddi ei chaneuon ei hun. Fe'i ganed a'i magu yn Houston, Texas, lle mynychodd ysgol berfformio. Dechreuodd gystadlu mewn cystadlaethau canu a dawnsio pan oedd yn blentyn. Daeth Knowles yn enwog ar ddiwedd y 1990au fel prif leisydd y gr?p ""Destiny's Child"". Tra gyda'r gr?p, gwerthodd Knowles dros 50 miliwn o recordiau'n fyd-eang ac yn ystod ei gyrfa llawn, mae wedi gwerthu dros 75 miliwn o recordiau.",Ym mha fath o gystadlaethau y dechreuodd Beyonce gystadlu pan oedd yn blentyn?,canu a dawnsio,1,1,verb_phrase,cystadlaethau canu a dawnsio,1,Cystadlaethau canu a dawnsio.,1,Canu a dawnsio,1
"Cantores R&B ac actores yw Beyoncé Giselle Knowles (ganwyd 4 Medi 1981). Roedd hi'n aelod o'r gr?p Destiny's Child. Hefyd mae hi'n gynhyrchydd recordiau ac yn cyfansoddi ei chaneuon ei hun. Fe'i ganed a'i magu yn Houston, Texas, lle mynychodd ysgol berfformio. Dechreuodd gystadlu mewn cystadlaethau canu a dawnsio pan oedd yn blentyn. Daeth Knowles yn enwog ar ddiwedd y 1990au fel prif leisydd y gr?p ""Destiny's Child"". Tra gyda'r gr?p, gwerthodd Knowles dros 50 miliwn o recordiau'n fyd-eang ac yn ystod ei gyrfa llawn, mae wedi gwerthu dros 75 miliwn o recordiau.",Pryd daeth Knowles yn enwog?,ar ddiwedd y 1990au,0,1,date,ar ddiwedd y 1990au,1,Diwedd y 1990au,1,Yn y diwedd o'r 1990au,1
"Cantores R&B ac actores yw Beyoncé Giselle Knowles (ganwyd 4 Medi 1981). Roedd hi'n aelod o'r gr?p Destiny's Child. Hefyd mae hi'n gynhyrchydd recordiau ac yn cyfansoddi ei chaneuon ei hun. Fe'i ganed a'i magu yn Houston, Texas, lle mynychodd ysgol berfformio. Dechreuodd gystadlu mewn cystadlaethau canu a dawnsio pan oedd yn blentyn. Daeth Knowles yn enwog ar ddiwedd y 1990au fel prif leisydd y gr?p ""Destiny's Child"". Tra gyda'r gr?p, gwerthodd Knowles dros 50 miliwn o recordiau'n fyd-eang ac yn ystod ei gyrfa llawn, mae wedi gwerthu dros 75 miliwn o recordiau.",Beth yw'r enw chwaer Beyonce?,DIM YN Y DARN TESTUN,0,0,none,DIM YN Y DARN TESTUN,1,DIM YN Y DARN TESTUN,1,DIM YN Y DARN TESTUN,1
"Cantores R&B ac actores yw Beyoncé Giselle Knowles (ganwyd 4 Medi 1981). Roedd hi'n aelod o'r gr?p Destiny's Child. Hefyd mae hi'n gynhyrchydd recordiau ac yn cyfansoddi ei chaneuon ei hun. Fe'i ganed a'i magu yn Houston, Texas, lle mynychodd ysgol berfformio. Dechreuodd gystadlu mewn cystadlaethau canu a dawnsio pan oedd yn blentyn. Daeth Knowles yn enwog ar ddiwedd y 1990au fel prif leisydd y gr?p ""Destiny's Child"". Tra gyda'r gr?p, gwerthodd Knowles dros 50 miliwn o recordiau'n fyd-eang ac yn ystod ei gyrfa llawn, mae wedi gwerthu dros 75 miliwn o recordiau.",Cynhyrchydd recordiau yw Beyonce. Gwir neu gau?,gwir,1,1,true_false,Gwir,1,GWIR.,1,GWIR,1
"Ffonoleg (neu seinyddiaeth) yw'r gangen o ieithyddiaeth sy'n astudio systemau seiniau mewn iaith a sut mae iaith yn defnyddio seiniau i gyfleu gwahaniaethau mewn ystyr. Mae ffonoleg yn ymwneud â seiniau fel unedau y tu fewn i system ieithyddol, tra bod seineg yn ymwneud â disgrifiad a dadansoddiad manwl o'r seiniau ei hunain heb ystyried eu lle o fewn system ieithyddol.
Uned sylfaenol ffonoleg yw'r ffonem, yr uned leiaf i gyfleu gwahaniaethau ystyr mewn iaith benodol. Un gorchwyl pwysig i ffonolegwyr sy'n astudio iaith benodol yw pennu beth yw ffonemau'r iaith honno, disgrifio eu dosbarthiad a sut maen nhw'n effeithio ar ei gilydd.",Beth yw'r uned leiaf sy'n cyfleu gwahaniaethau ystyr mewn iaith benodol?,ffonem,1,1,noun_phrase,ffonem,1,Ffonem.,1,Ffonem,1
"Ffonoleg (neu seinyddiaeth) yw'r gangen o ieithyddiaeth sy'n astudio systemau seiniau mewn iaith a sut mae iaith yn defnyddio seiniau i gyfleu gwahaniaethau mewn ystyr. Mae ffonoleg yn ymwneud â seiniau fel unedau y tu fewn i system ieithyddol, tra bod seineg yn ymwneud â disgrifiad a dadansoddiad manwl o'r seiniau ei hunain heb ystyried eu lle o fewn system ieithyddol.
Uned sylfaenol ffonoleg yw'r ffonem, yr uned leiaf i gyfleu gwahaniaethau ystyr mewn iaith benodol. Un gorchwyl pwysig i ffonolegwyr sy'n astudio iaith benodol yw pennu beth yw ffonemau'r iaith honno, disgrifio eu dosbarthiad a sut maen nhw'n effeithio ar ei gilydd.",Cangen o ieithyddiaeth yw ffonoleg. Gwir neu gau?,gwir,1,1,true_false,Gwir,1,GWIR.,1,Gwir,1
"Ffonoleg (neu seinyddiaeth) yw'r gangen o ieithyddiaeth sy'n astudio systemau seiniau mewn iaith a sut mae iaith yn defnyddio seiniau i gyfleu gwahaniaethau mewn ystyr. Mae ffonoleg yn ymwneud â seiniau fel unedau y tu fewn i system ieithyddol, tra bod seineg yn ymwneud â disgrifiad a dadansoddiad manwl o'r seiniau ei hunain heb ystyried eu lle o fewn system ieithyddol.
Uned sylfaenol ffonoleg yw'r ffonem, yr uned leiaf i gyfleu gwahaniaethau ystyr mewn iaith benodol. Un gorchwyl pwysig i ffonolegwyr sy'n astudio iaith benodol yw pennu beth yw ffonemau'r iaith honno, disgrifio eu dosbarthiad a sut maen nhw'n effeithio ar ei gilydd.",Ble mae ffonolegwyr yn astudio?,DIM YN Y DARN TESTUN,0,0,none,iaith benodol,0,Y tu fewn i systemau ieithyddol.,0,DIM YN Y DARN TESTUN,1
"Ffonoleg (neu seinyddiaeth) yw'r gangen o ieithyddiaeth sy'n astudio systemau seiniau mewn iaith a sut mae iaith yn defnyddio seiniau i gyfleu gwahaniaethau mewn ystyr. Mae ffonoleg yn ymwneud â seiniau fel unedau y tu fewn i system ieithyddol, tra bod seineg yn ymwneud â disgrifiad a dadansoddiad manwl o'r seiniau ei hunain heb ystyried eu lle o fewn system ieithyddol.
Uned sylfaenol ffonoleg yw'r ffonem, yr uned leiaf i gyfleu gwahaniaethau ystyr mewn iaith benodol. Un gorchwyl pwysig i ffonolegwyr sy'n astudio iaith benodol yw pennu beth yw ffonemau'r iaith honno, disgrifio eu dosbarthiad a sut maen nhw'n effeithio ar ei gilydd.",Ydy seineg yn ystyried lleoliad seiniau o fewn system ieithyddol? ,DIM YN Y DARN TESTUN,0,0,none,Na,0,Nac ydy.,0,DIM YN Y DARN TESTUN,1
"Ffonoleg (neu seinyddiaeth) yw'r gangen o ieithyddiaeth sy'n astudio systemau seiniau mewn iaith a sut mae iaith yn defnyddio seiniau i gyfleu gwahaniaethau mewn ystyr. Mae ffonoleg yn ymwneud â seiniau fel unedau y tu fewn i system ieithyddol, tra bod seineg yn ymwneud â disgrifiad a dadansoddiad manwl o'r seiniau ei hunain heb ystyried eu lle o fewn system ieithyddol.
Uned sylfaenol ffonoleg yw'r ffonem, yr uned leiaf i gyfleu gwahaniaethau ystyr mewn iaith benodol. Un gorchwyl pwysig i ffonolegwyr sy'n astudio iaith benodol yw pennu beth yw ffonemau'r iaith honno, disgrifio eu dosbarthiad a sut maen nhw'n effeithio ar ei gilydd.",Pwy yw'r ffonolegwr enwocaf?,DIM YN Y DARN TESTUN,0,0,none,DIM YN Y DARN TESTUN,1,Philip Sapir,0,DIM YN Y DARN TESTUN,1
"Un or chwaraeon cyswllt llawn ydy rygbi'r undeb. Math o bêl-droed neu gnapan ydyw a ddechreuodd yn Lloegr ar ddechrau'r 19eg ganrif. Un o reolau rygbi yw bod hawl rhedeg gyda'r bêl yn eich dwylo. Chwaraeir y gêm gan ddefnyddio pêl hirgrwn, ar ddarn laswellt gan amlaf sydd yn 100m o hyd a 70m o led. Ar bob pen, ceir dwy gôl siâp y lythyren H.
Dywedir yn aml mai William Webb Ellis a grëodd y gêm o redeg tra'n dal y bêl ym 1823 yn Ysgol Rugby pan dywedir iddo ddal y bêl tra'n chwarae pêl-droed gan redeg at gôl y gwrthwynebwyr. ",Pwy crëodd y gêm o redeg tra'n dal y bêl?,William Webb Ellis,1,1,person,William Webb Ellis,1,William Webb Ellis,1,William Webb Ellis,1
"Un or chwaraeon cyswllt llawn ydy rygbi'r undeb. Math o bêl-droed neu gnapan ydyw a ddechreuodd yn Lloegr ar ddechrau'r 19eg ganrif. Un o reolau rygbi yw bod hawl rhedeg gyda'r bêl yn eich dwylo. Chwaraeir y gêm gan ddefnyddio pêl hirgrwn, ar ddarn laswellt gan amlaf sydd yn 100m o hyd a 70m o led. Ar bob pen, ceir dwy gôl siâp y lythyren H.
Dywedir yn aml mai William Webb Ellis a grëodd y gêm o redeg tra'n dal y bêl ym 1823 yn Ysgol Rugby pan dywedir iddo ddal y bêl tra'n chwarae pêl-droed gan redeg at gôl y gwrthwynebwyr. ",Pa lythyren yw siâp y gôl?,H,0,1,noun_phrase,H,1,H,1,H,1
"Un or chwaraeon cyswllt llawn ydy rygbi'r undeb. Math o bêl-droed neu gnapan ydyw a ddechreuodd yn Lloegr ar ddechrau'r 19eg ganrif. Un o reolau rygbi yw bod hawl rhedeg gyda'r bêl yn eich dwylo. Chwaraeir y gêm gan ddefnyddio pêl hirgrwn, ar ddarn laswellt gan amlaf sydd yn 100m o hyd a 70m o led. Ar bob pen, ceir dwy gôl siâp y lythyren H.
Dywedir yn aml mai William Webb Ellis a grëodd y gêm o redeg tra'n dal y bêl ym 1823 yn Ysgol Rugby pan dywedir iddo ddal y bêl tra'n chwarae pêl-droed gan redeg at gôl y gwrthwynebwyr. ",Mae rygbi'r undeb yn fath o ba chwaraeon?,"pêl-droed neu gnapan, pêl-droed, bêl-droed neu gnapan, bêl-droed",1,1,noun_phrase,chwaraeon cyswllt llawn,0,Pêl-droed neu cnapan.,1,Pêl-droed.,1
"Un or chwaraeon cyswllt llawn ydy rygbi'r undeb. Math o bêl-droed neu gnapan ydyw a ddechreuodd yn Lloegr ar ddechrau'r 19eg ganrif. Un o reolau rygbi yw bod hawl rhedeg gyda'r bêl yn eich dwylo. Chwaraeir y gêm gan ddefnyddio pêl hirgrwn, ar ddarn laswellt gan amlaf sydd yn 100m o hyd a 70m o led. Ar bob pen, ceir dwy gôl siâp y lythyren H.
Dywedir yn aml mai William Webb Ellis a grëodd y gêm o redeg tra'n dal y bêl ym 1823 yn Ysgol Rugby pan dywedir iddo ddal y bêl tra'n chwarae pêl-droed gan redeg at gôl y gwrthwynebwyr. ",Beth digwyddodd ar ddechrau'r 20eg ganrif?,DIM YN Y DARN TESTUN,0,0,none,DIM YN Y DARN TESTUN,1,Daeth rygbi i'r Gymru.,0,DIM YN Y DARN TESTUN,1
"Un or chwaraeon cyswllt llawn ydy rygbi'r undeb. Math o bêl-droed neu gnapan ydyw a ddechreuodd yn Lloegr ar ddechrau'r 19eg ganrif. Un o reolau rygbi yw bod hawl rhedeg gyda'r bêl yn eich dwylo. Chwaraeir y gêm gan ddefnyddio pêl hirgrwn, ar ddarn laswellt gan amlaf sydd yn 100m o hyd a 70m o led. Ar bob pen, ceir dwy gôl siâp y lythyren H.
Dywedir yn aml mai William Webb Ellis a grëodd y gêm o redeg tra'n dal y bêl ym 1823 yn Ysgol Rugby pan dywedir iddo ddal y bêl tra'n chwarae pêl-droed gan redeg at gôl y gwrthwynebwyr. ",Chwaraeir y gêm gan ddefnyddio pêl gron. Gwir neu gau?,gau,0,1,true_false,Gau,1,GWIR.,0,Gwir,0
"Gwladwriaeth yw Teyrnas Unedig Prydain Fawr a Gogledd Iwerddon neu'r Deyrnas Unedig (DU) (hefyd Y Deyrnas Gyfunol (DG)), sy'n cynnwys gwledydd Prydain Fawr (Lloegr, Yr Alban, Cymru) a'r rhanbarth Gogledd Iwerddon. Fe'i lleolir i ogledd-orllewin cyfandir Ewrop ac fe'i hamgylchynir gan Fôr y Gogledd, Môr Udd a Môr Iwerydd. Sefydlwyd yr enw presennol ar 12 Ebrill 1927 ar ôl i Weriniaeth Iwerddon ddod yn annibynol. Mae'r llefydd canlynol o dan sofraniaeth y Deyrnas Unedig, ond heb fod yn rhan o'r brif uned gyfansoddiadol; tiriogaethau dibynnol y Goron yn Ynysoedd y Sianel ac Ynys Manaw, a nifer o diriogaethau tramor.",Pa wledydd sy ym Mhrydain Fawr?,"Lloegr, Yr Alban, Cymru",1,1,location,"Lloegr, Yr Alban, Cymru",1,"Lloegr, Yr Alban, Cymru",1,"Lloegr, Yr Alban, Cymru",1
"Gwladwriaeth yw Teyrnas Unedig Prydain Fawr a Gogledd Iwerddon neu'r Deyrnas Unedig (DU) (hefyd Y Deyrnas Gyfunol (DG)), sy'n cynnwys gwledydd Prydain Fawr (Lloegr, Yr Alban, Cymru) a'r rhanbarth Gogledd Iwerddon. Fe'i lleolir i ogledd-orllewin cyfandir Ewrop ac fe'i hamgylchynir gan Fôr y Gogledd, Môr Udd a Môr Iwerydd. Sefydlwyd yr enw presennol ar 12 Ebrill 1927 ar ôl i Weriniaeth Iwerddon ddod yn annibynol. Mae'r llefydd canlynol o dan sofraniaeth y Deyrnas Unedig, ond heb fod yn rhan o'r brif uned gyfansoddiadol; tiriogaethau dibynnol y Goron yn Ynysoedd y Sianel ac Ynys Manaw, a nifer o diriogaethau tramor.",Pryd sefydlwyd enw presennol y wlad?,12 Ebrill 1927,0,1,date,12 Ebrill 1927,1,12 Ebrill 1927,1,12 Ebrill 1927,1
"Gwladwriaeth yw Teyrnas Unedig Prydain Fawr a Gogledd Iwerddon neu'r Deyrnas Unedig (DU) (hefyd Y Deyrnas Gyfunol (DG)), sy'n cynnwys gwledydd Prydain Fawr (Lloegr, Yr Alban, Cymru) a'r rhanbarth Gogledd Iwerddon. Fe'i lleolir i ogledd-orllewin cyfandir Ewrop ac fe'i hamgylchynir gan Fôr y Gogledd, Môr Udd a Môr Iwerydd. Sefydlwyd yr enw presennol ar 12 Ebrill 1927 ar ôl i Weriniaeth Iwerddon ddod yn annibynol. Mae'r llefydd canlynol o dan sofraniaeth y Deyrnas Unedig, ond heb fod yn rhan o'r brif uned gyfansoddiadol; tiriogaethau dibynnol y Goron yn Ynysoedd y Sianel ac Ynys Manaw, a nifer o diriogaethau tramor.",Ble mae'r tiriogaethau dibynnol y Goron?,Ynysoedd y Sianel ac Ynys Manaw,0,1,location,Yn Ynysoedd y Sianel ac Ynys Manaw,1,Ynysoedd y Sianel ac Ynys Manaw,1,DIM YN Y DARN TESTUN,0
"Gwladwriaeth yw Teyrnas Unedig Prydain Fawr a Gogledd Iwerddon neu'r Deyrnas Unedig (DU) (hefyd Y Deyrnas Gyfunol (DG)), sy'n cynnwys gwledydd Prydain Fawr (Lloegr, Yr Alban, Cymru) a'r rhanbarth Gogledd Iwerddon. Fe'i lleolir i ogledd-orllewin cyfandir Ewrop ac fe'i hamgylchynir gan Fôr y Gogledd, Môr Udd a Môr Iwerydd. Sefydlwyd yr enw presennol ar 12 Ebrill 1927 ar ôl i Weriniaeth Iwerddon ddod yn annibynol. Mae'r llefydd canlynol o dan sofraniaeth y Deyrnas Unedig, ond heb fod yn rhan o'r brif uned gyfansoddiadol; tiriogaethau dibynnol y Goron yn Ynysoedd y Sianel ac Ynys Manaw, a nifer o diriogaethau tramor.",Gan beth y mae'r Deyrnas Unedig wedi'i hamgylchynu?,"Môr y Gogledd, Môr Udd a Môr Iwerydd",0,1,location,"Môr y Gogledd, Môr Udd a Môr Iwerydd",1,"Môr y Gogledd, Môr Udd a Môr Iwerydd.",1,"Môr y Gogledd, Môr Udd a Môr Iwerydd.",1
"Gwladwriaeth yw Teyrnas Unedig Prydain Fawr a Gogledd Iwerddon neu'r Deyrnas Unedig (DU) (hefyd Y Deyrnas Gyfunol (DG)), sy'n cynnwys gwledydd Prydain Fawr (Lloegr, Yr Alban, Cymru) a'r rhanbarth Gogledd Iwerddon. Fe'i lleolir i ogledd-orllewin cyfandir Ewrop ac fe'i hamgylchynir gan Fôr y Gogledd, Môr Udd a Môr Iwerydd. Sefydlwyd yr enw presennol ar 12 Ebrill 1927 ar ôl i Weriniaeth Iwerddon ddod yn annibynol. Mae'r llefydd canlynol o dan sofraniaeth y Deyrnas Unedig, ond heb fod yn rhan o'r brif uned gyfansoddiadol; tiriogaethau dibynnol y Goron yn Ynysoedd y Sianel ac Ynys Manaw, a nifer o diriogaethau tramor.",Ble mae Gweriniaeth Iwerddon?,DIM YN Y DARN TESTUN,0,0,none,DIM YN Y DARN TESTUN,1,Iwerddon,0,DIM YN Y DARN TESTUN,1
"Dinas Barcelona (dyweder ""Barselona"") yw prifddinas cymuned ymreolaethol Catalwnia a thalaith Barcelona yng ngogledd-ddwyrain Sbaen, Saif ar lan Môr y Canoldir, rhyw 120 km o'r ffin a Ffrainc. Mae wedi'i leoli rhwng aberoedd afonydd Llobregat a Besòs, a'i ffin orllewinol yw mynyddoedd Serra de Collserola sydd a'i gopa uchaf yn 512 metr (1,680 tr) o uchter.
Gyda phoblogaeth o 1,593,075, Barcelona yw'r ail ddinas fwyaf yn Sbaen o ran maint, a'r 11eg o ran maint yn yr Undeb Ewropeaidd (disgwylir fod y ddegfed o ran maint ar ôl Brexit). Mae poblogaeth Ardal Ddinesig Barcelona yn 4.7 miliwn.[1]",Beth yw prifddinas talaith Barcelona?,"Dinas Barcelona, Barcelona",1,1,location,Dinas Barcelona,1,Dinas Barcelona,1,DIM YN Y DARN TESTUN,0
"Dinas Barcelona (dyweder ""Barselona"") yw prifddinas cymuned ymreolaethol Catalwnia a thalaith Barcelona yng ngogledd-ddwyrain Sbaen, Saif ar lan Môr y Canoldir, rhyw 120 km o'r ffin a Ffrainc. Mae wedi'i leoli rhwng aberoedd afonydd Llobregat a Besòs, a'i ffin orllewinol yw mynyddoedd Serra de Collserola sydd a'i gopa uchaf yn 512 metr (1,680 tr) o uchter.
Gyda phoblogaeth o 1,593,075, Barcelona yw'r ail ddinas fwyaf yn Sbaen o ran maint, a'r 11eg o ran maint yn yr Undeb Ewropeaidd (disgwylir fod y ddegfed o ran maint ar ôl Brexit). Mae poblogaeth Ardal Ddinesig Barcelona yn 4.7 miliwn.[1]",Beth yw poblogaeth dinas Barcelona?,"1,593,075",1,1,other_numeric,"1,593,075",1,"1,593,075",1,"1,593,075",1
"Dinas Barcelona (dyweder ""Barselona"") yw prifddinas cymuned ymreolaethol Catalwnia a thalaith Barcelona yng ngogledd-ddwyrain Sbaen, Saif ar lan Môr y Canoldir, rhyw 120 km o'r ffin a Ffrainc. Mae wedi'i leoli rhwng aberoedd afonydd Llobregat a Besòs, a'i ffin orllewinol yw mynyddoedd Serra de Collserola sydd a'i gopa uchaf yn 512 metr (1,680 tr) o uchter.
Gyda phoblogaeth o 1,593,075, Barcelona yw'r ail ddinas fwyaf yn Sbaen o ran maint, a'r 11eg o ran maint yn yr Undeb Ewropeaidd (disgwylir fod y ddegfed o ran maint ar ôl Brexit). Mae poblogaeth Ardal Ddinesig Barcelona yn 4.7 miliwn.[1]",Mae Barcelona yn cael ei leoli rhwng aberoedd pa afonydd?,Llobregat a Besòs,0,1,location,Llobregat a Besòs,1,Llobregat a Besòs,1,Llobregat a Besòs,1
"Dinas Barcelona (dyweder ""Barselona"") yw prifddinas cymuned ymreolaethol Catalwnia a thalaith Barcelona yng ngogledd-ddwyrain Sbaen, Saif ar lan Môr y Canoldir, rhyw 120 km o'r ffin a Ffrainc. Mae wedi'i leoli rhwng aberoedd afonydd Llobregat a Besòs, a'i ffin orllewinol yw mynyddoedd Serra de Collserola sydd a'i gopa uchaf yn 512 metr (1,680 tr) o uchter.
Gyda phoblogaeth o 1,593,075, Barcelona yw'r ail ddinas fwyaf yn Sbaen o ran maint, a'r 11eg o ran maint yn yr Undeb Ewropeaidd (disgwylir fod y ddegfed o ran maint ar ôl Brexit). Mae poblogaeth Ardal Ddinesig Barcelona yn 4.7 miliwn.[1]",Mae Barcelona yn fwy na Paris. Gwir neu gau?,DIM YN Y DARN TESTUN,0,0,none,DIM YN Y DARN TESTUN,1,CAU,0,Gau,0
"Dinas Barcelona (dyweder ""Barselona"") yw prifddinas cymuned ymreolaethol Catalwnia a thalaith Barcelona yng ngogledd-ddwyrain Sbaen, Saif ar lan Môr y Canoldir, rhyw 120 km o'r ffin a Ffrainc. Mae wedi'i leoli rhwng aberoedd afonydd Llobregat a Besòs, a'i ffin orllewinol yw mynyddoedd Serra de Collserola sydd a'i gopa uchaf yn 512 metr (1,680 tr) o uchter.
Gyda phoblogaeth o 1,593,075, Barcelona yw'r ail ddinas fwyaf yn Sbaen o ran maint, a'r 11eg o ran maint yn yr Undeb Ewropeaidd (disgwylir fod y ddegfed o ran maint ar ôl Brexit). Mae poblogaeth Ardal Ddinesig Barcelona yn 4.7 miliwn.[1]",Beth yw ffin orllewinol Barcelona?,mynyddoedd Serra de Collserola,0,1,location,mynyddoedd Serra de Collserola,1,Mynyddoedd Serra de Collserola,1,Mynyddoedd Serra de Collserola,1
"Brenin y Deyrnas Unedig a 14 teyrnas arall y Gymanwlad yw Charles III (Charles Philip Arthur George; ganwyd 14 Tachwedd 1948). Roedd wedi bod yn etifedd eglur am y mwyafrif helaeth o'i fywyd pan ddaeth yn frenin yn 73 oed yn 2022, wedi marwolaeth ei fam Elisabeth II.
Cafodd ei eni ym Mhalas Buckingham, gyda'r teitl Tywysog Charles o Gaeredin. Fe'i wnaed yn Dywysog Cymru yn 1958.
Gelwir ef yng Nghymru yn aml yn Carlo, ar ôl cân enwog Dafydd Iwan o'r un enw, a oedd yn boblogaidd iawn yng Nghymru adeg ei arwisgo yn 1969.",Pwy yw mam Charles III?,Elisabeth II,1,1,person,Elisabeth II,1,Elisabeth II,1,Elisabeth II,1
"Brenin y Deyrnas Unedig a 14 teyrnas arall y Gymanwlad yw Charles III (Charles Philip Arthur George; ganwyd 14 Tachwedd 1948). Roedd wedi bod yn etifedd eglur am y mwyafrif helaeth o'i fywyd pan ddaeth yn frenin yn 73 oed yn 2022, wedi marwolaeth ei fam Elisabeth II.
Cafodd ei eni ym Mhalas Buckingham, gyda'r teitl Tywysog Charles o Gaeredin. Fe'i wnaed yn Dywysog Cymru yn 1958.
Gelwir ef yng Nghymru yn aml yn Carlo, ar ôl cân enwog Dafydd Iwan o'r un enw, a oedd yn boblogaidd iawn yng Nghymru adeg ei arwisgo yn 1969.",Palas Buckingham yw lle cafodd e ei eni. Gwir neu gau?,gwir,0,1,true_false,Gwir,1,GWIR.,1,Gwir,1
"Brenin y Deyrnas Unedig a 14 teyrnas arall y Gymanwlad yw Charles III (Charles Philip Arthur George; ganwyd 14 Tachwedd 1948). Roedd wedi bod yn etifedd eglur am y mwyafrif helaeth o'i fywyd pan ddaeth yn frenin yn 73 oed yn 2022, wedi marwolaeth ei fam Elisabeth II.
Cafodd ei eni ym Mhalas Buckingham, gyda'r teitl Tywysog Charles o Gaeredin. Fe'i wnaed yn Dywysog Cymru yn 1958.
Gelwir ef yng Nghymru yn aml yn Carlo, ar ôl cân enwog Dafydd Iwan o'r un enw, a oedd yn boblogaidd iawn yng Nghymru adeg ei arwisgo yn 1969.",Dan ba deitl y cafodd e ei eni?,Tywysog Charles o Gaeredin,1,1,person,Tywysog Charles o Gaeredin,1,Tywysog Charles o Gaeredin,1,Tywysog Charles o Gaeredin,1
"Brenin y Deyrnas Unedig a 14 teyrnas arall y Gymanwlad yw Charles III (Charles Philip Arthur George; ganwyd 14 Tachwedd 1948). Roedd wedi bod yn etifedd eglur am y mwyafrif helaeth o'i fywyd pan ddaeth yn frenin yn 73 oed yn 2022, wedi marwolaeth ei fam Elisabeth II.
Cafodd ei eni ym Mhalas Buckingham, gyda'r teitl Tywysog Charles o Gaeredin. Fe'i wnaed yn Dywysog Cymru yn 1958.
Gelwir ef yng Nghymru yn aml yn Carlo, ar ôl cân enwog Dafydd Iwan o'r un enw, a oedd yn boblogaidd iawn yng Nghymru adeg ei arwisgo yn 1969.",Pryd daeth Charles III yn frenin?,2022,1,1,date,yn 2022,1,2022,1,2022,1
"Brenin y Deyrnas Unedig a 14 teyrnas arall y Gymanwlad yw Charles III (Charles Philip Arthur George; ganwyd 14 Tachwedd 1948). Roedd wedi bod yn etifedd eglur am y mwyafrif helaeth o'i fywyd pan ddaeth yn frenin yn 73 oed yn 2022, wedi marwolaeth ei fam Elisabeth II.
Cafodd ei eni ym Mhalas Buckingham, gyda'r teitl Tywysog Charles o Gaeredin. Fe'i wnaed yn Dywysog Cymru yn 1958.
Gelwir ef yng Nghymru yn aml yn Carlo, ar ôl cân enwog Dafydd Iwan o'r un enw, a oedd yn boblogaidd iawn yng Nghymru adeg ei arwisgo yn 1969.",Pwy yw tad Charles III?,DIM YN Y DARN TESTUN,0,0,none,DIM YN Y DARN TESTUN,1,Elisabeth II,0,Dim yn y darn testun,1
"Canwr o Gymru yw Syr Thomas Jones Woodward neu Tom Jones (ganwyd 7 Mehefin 1940). Cychwynodd ei yrfa yn y 1960au a cafodd ei rhif un cyntaf yn 1965 gyda'r gân ""It's Not Unusual"".
Mae e wedi ennill Gwobr Grammy, ac ymhlith ei ganeuon enwocaf, gellid crybwyll The Green Green Grass of Home a Delilah. Ymddangosodd hefyd yn y ffilm Under Milk Wood (ffilm Pip Broughton 2015).
Yn gynnar ei yrfa dywedodd fod ganddo lais tenor ond datblygodd i fod yn lais bariton grymus.",Pryd cychwynodd gyrfa Tom Jones?,yn y 1960au,1,1,date,Yn y 1960au,1,Y 1960au,1,1960au,1
"Canwr o Gymru yw Syr Thomas Jones Woodward neu Tom Jones (ganwyd 7 Mehefin 1940). Cychwynodd ei yrfa yn y 1960au a cafodd ei rhif un cyntaf yn 1965 gyda'r gân ""It's Not Unusual"".
Mae e wedi ennill Gwobr Grammy, ac ymhlith ei ganeuon enwocaf, gellid crybwyll The Green Green Grass of Home a Delilah. Ymddangosodd hefyd yn y ffilm Under Milk Wood (ffilm Pip Broughton 2015).
Yn gynnar ei yrfa dywedodd fod ganddo lais tenor ond datblygodd i fod yn lais bariton grymus.",Ym mha ffilm ymddangosodd Tom Jones?,Under Milk Wood,0,1,other_entity,Under Milk Wood,1,Under Milk Wood,1,Under Milk Wood (ffilm Pip Broughton 2015),1
"Canwr o Gymru yw Syr Thomas Jones Woodward neu Tom Jones (ganwyd 7 Mehefin 1940). Cychwynodd ei yrfa yn y 1960au a cafodd ei rhif un cyntaf yn 1965 gyda'r gân ""It's Not Unusual"".
Mae e wedi ennill Gwobr Grammy, ac ymhlith ei ganeuon enwocaf, gellid crybwyll The Green Green Grass of Home a Delilah. Ymddangosodd hefyd yn y ffilm Under Milk Wood (ffilm Pip Broughton 2015).
Yn gynnar ei yrfa dywedodd fod ganddo lais tenor ond datblygodd i fod yn lais bariton grymus.",Pryd cafodd Tom Jones ei rif un olaf?,DIM YN Y DARN TESTUN,0,0,none,DIM YN Y DARN TESTUN,1,DIM YN Y DARN TESTUN,1,1965,0
"Canwr o Gymru yw Syr Thomas Jones Woodward neu Tom Jones (ganwyd 7 Mehefin 1940). Cychwynodd ei yrfa yn y 1960au a cafodd ei rhif un cyntaf yn 1965 gyda'r gân ""It's Not Unusual"".
Mae e wedi ennill Gwobr Grammy, ac ymhlith ei ganeuon enwocaf, gellid crybwyll The Green Green Grass of Home a Delilah. Ymddangosodd hefyd yn y ffilm Under Milk Wood (ffilm Pip Broughton 2015).
Yn gynnar ei yrfa dywedodd fod ganddo lais tenor ond datblygodd i fod yn lais bariton grymus.",Roedd llais tenor ganddo yn gynnar ei yrfa. Gwir neu gau?,gwir,1,1,true_false,Gwir,1,Gau.,0,Gwir,1
"Canwr o Gymru yw Syr Thomas Jones Woodward neu Tom Jones (ganwyd 7 Mehefin 1940). Cychwynodd ei yrfa yn y 1960au a cafodd ei rhif un cyntaf yn 1965 gyda'r gân ""It's Not Unusual"".
Mae e wedi ennill Gwobr Grammy, ac ymhlith ei ganeuon enwocaf, gellid crybwyll The Green Green Grass of Home a Delilah. Ymddangosodd hefyd yn y ffilm Under Milk Wood (ffilm Pip Broughton 2015).
Yn gynnar ei yrfa dywedodd fod ganddo lais tenor ond datblygodd i fod yn lais bariton grymus.",Mae Tom Jones wedi ennill pa wobr?,"Grammy, Gwobr Grammy",1,1,other_entity,Gwobr Grammy,1,Ffonem.,1,Gwobr Grammy,1
"Tref a chymuned ym mwrdeistref sirol Bro Morgannwg, Cymru, yw'r Barri (Saesneg: Barry). Mae Ynys y Barri gerllaw yn gyrchfan wyliau boblogaidd, ond cafodd y gwersyllt wyliau cynt ei gau yn 1996. Ceir adfeilion castell yma hefyd. Mae Maes Awyr Rhyngwladol Caerdydd gerllaw.
Cynrychiolir yr ardal hon yn Senedd Cymru gan Jane Hutt (Llafur) ac yn Senedd y DU gan Kanishka Narayan (Llafur).
Yn ôl Cyfrifiad 2011, roedd 5,459 (11.1%) o boblogaeth (3 oed a h?n) Cymuned y Barri yn gallu siarad Cymraeg.",Ym mha fwrdeistref sirol y mae’r Barri?,Bro Morgannwg,1,1,location,Bro Morgannwg,1,Bro Morgannwg,1,Mro Morgannwg,1
"Tref a chymuned ym mwrdeistref sirol Bro Morgannwg, Cymru, yw'r Barri (Saesneg: Barry). Mae Ynys y Barri gerllaw yn gyrchfan wyliau boblogaidd, ond cafodd y gwersyllt wyliau cynt ei gau yn 1996. Ceir adfeilion castell yma hefyd. Mae Maes Awyr Rhyngwladol Caerdydd gerllaw.
Cynrychiolir yr ardal hon yn Senedd Cymru gan Jane Hutt (Llafur) ac yn Senedd y DU gan Kanishka Narayan (Llafur).
Yn ôl Cyfrifiad 2011, roedd 5,459 (11.1%) o boblogaeth (3 oed a h?n) Cymuned y Barri yn gallu siarad Cymraeg.",Cymuned a thref yng Nghymru yw'r Barri. Gwir neu gau?,gwir,1,1,true_false,Gwir,1,WYR,0,Gwir,1
"Tref a chymuned ym mwrdeistref sirol Bro Morgannwg, Cymru, yw'r Barri (Saesneg: Barry). Mae Ynys y Barri gerllaw yn gyrchfan wyliau boblogaidd, ond cafodd y gwersyllt wyliau cynt ei gau yn 1996. Ceir adfeilion castell yma hefyd. Mae Maes Awyr Rhyngwladol Caerdydd gerllaw.
Cynrychiolir yr ardal hon yn Senedd Cymru gan Jane Hutt (Llafur) ac yn Senedd y DU gan Kanishka Narayan (Llafur).
Yn ôl Cyfrifiad 2011, roedd 5,459 (11.1%) o boblogaeth (3 oed a h?n) Cymuned y Barri yn gallu siarad Cymraeg.",Beth yw poblogaeth (3 oed a h?n) Cymuned y Barri sy'n gallu siarad Cymraeg yn ôl Cyfrifiad 2011?,"5,459",1,1,other_numeric,"5,459",1,"5,459",1,"5,459",1
"Tref a chymuned ym mwrdeistref sirol Bro Morgannwg, Cymru, yw'r Barri (Saesneg: Barry). Mae Ynys y Barri gerllaw yn gyrchfan wyliau boblogaidd, ond cafodd y gwersyllt wyliau cynt ei gau yn 1996. Ceir adfeilion castell yma hefyd. Mae Maes Awyr Rhyngwladol Caerdydd gerllaw.
Cynrychiolir yr ardal hon yn Senedd Cymru gan Jane Hutt (Llafur) ac yn Senedd y DU gan Kanishka Narayan (Llafur).
Yn ôl Cyfrifiad 2011, roedd 5,459 (11.1%) o boblogaeth (3 oed a h?n) Cymuned y Barri yn gallu siarad Cymraeg.",Beth yw'r enw'r gyrchfan wyliau boblogaidd gerllaw'r Barri?,Ynys y Barri,0,1,location,Ynys y Barri,1,Ynys y Barri,1,DIM YN Y DARN TESTUN,0
"Tref a chymuned ym mwrdeistref sirol Bro Morgannwg, Cymru, yw'r Barri (Saesneg: Barry). Mae Ynys y Barri gerllaw yn gyrchfan wyliau boblogaidd, ond cafodd y gwersyllt wyliau cynt ei gau yn 1996. Ceir adfeilion castell yma hefyd. Mae Maes Awyr Rhyngwladol Caerdydd gerllaw.
Cynrychiolir yr ardal hon yn Senedd Cymru gan Jane Hutt (Llafur) ac yn Senedd y DU gan Kanishka Narayan (Llafur).
Yn ôl Cyfrifiad 2011, roedd 5,459 (11.1%) o boblogaeth (3 oed a h?n) Cymuned y Barri yn gallu siarad Cymraeg.",Ble mae'r llyfrgell yn y Barri?,DIM YN Y DARN TESTUN,0,0,none,DIM YN Y DARN TESTUN,1,DIM YN Y DARN TESTUN,1,DIM YN Y DARN TESTUN,1
"Gwleidydd o Awstralia yw Julia Gillard (ganwyd 29 Medi 1961). Roedd hi'n aelod o Blaid Lafur Awstralia. Rhwng 24 Mehefin 2010 a 26 Mehefin 2013 roedd yn Brif Weinidog Awstralia. Cyn hynny, bu'n Ddirprwy Arweinydd y Blaid Lafur. Cafodd ei geni yn y Barri, yng Nghymru, ym 1961, ond symudodd ei theulu i Adelaide, De Awstralia ym 1966. Mae hi'n weriniaethwraig o argyhoeddiad. Yn Awst 2010, yn ystod yr ymgyrch etholiad cyffredinol, cyhoeddodd y dylai Awstralia droi'n weriniaeth ar ôl marwolaeth Elisabeth II, brenhines y Deyrnas Unedig. Ar ôl colli'r bleidlais am arweinydd y Blaid Lafur, ymddiswyddodd Gillard fel Prif Weinidog ym mis Mehefin 2013. Gadawodd hi gwleidyddiaeth bryd hynny.",Ble cafodd Julia Gillard ei geni?,"Y Barri, yn y Barri",0,1,location,"Yn y Barri, yng Nghymru",1,"Y Barri, Cymru.",1,"Yn y Barri, yng Nghymru.",1
"Gwleidydd o Awstralia yw Julia Gillard (ganwyd 29 Medi 1961). Roedd hi'n aelod o Blaid Lafur Awstralia. Rhwng 24 Mehefin 2010 a 26 Mehefin 2013 roedd yn Brif Weinidog Awstralia. Cyn hynny, bu'n Ddirprwy Arweinydd y Blaid Lafur. Cafodd ei geni yn y Barri, yng Nghymru, ym 1961, ond symudodd ei theulu i Adelaide, De Awstralia ym 1966. Mae hi'n weriniaethwraig o argyhoeddiad. Yn Awst 2010, yn ystod yr ymgyrch etholiad cyffredinol, cyhoeddodd y dylai Awstralia droi'n weriniaeth ar ôl marwolaeth Elisabeth II, brenhines y Deyrnas Unedig. Ar ôl colli'r bleidlais am arweinydd y Blaid Lafur, ymddiswyddodd Gillard fel Prif Weinidog ym mis Mehefin 2013. Gadawodd hi gwleidyddiaeth bryd hynny.",I ble symudodd teulu Julia Gillard?,"Adelaide, De Awstralia",1,1,location,"i Adelaide, De Awstralia",1,"Adelaide, De Awstralia.",1,"Symudodd ei theulu i Adelaide, De Awstralia.",1
"Gwleidydd o Awstralia yw Julia Gillard (ganwyd 29 Medi 1961). Roedd hi'n aelod o Blaid Lafur Awstralia. Rhwng 24 Mehefin 2010 a 26 Mehefin 2013 roedd yn Brif Weinidog Awstralia. Cyn hynny, bu'n Ddirprwy Arweinydd y Blaid Lafur. Cafodd ei geni yn y Barri, yng Nghymru, ym 1961, ond symudodd ei theulu i Adelaide, De Awstralia ym 1966. Mae hi'n weriniaethwraig o argyhoeddiad. Yn Awst 2010, yn ystod yr ymgyrch etholiad cyffredinol, cyhoeddodd y dylai Awstralia droi'n weriniaeth ar ôl marwolaeth Elisabeth II, brenhines y Deyrnas Unedig. Ar ôl colli'r bleidlais am arweinydd y Blaid Lafur, ymddiswyddodd Gillard fel Prif Weinidog ym mis Mehefin 2013. Gadawodd hi gwleidyddiaeth bryd hynny.",Pryd ymddiswyddodd Julia Gillard fel Prif Weinidog Awstralia?,"Mehefin 2013, ym mis Mehefin 2013",0,1,date,26 Mehefin 2013,1,Mehefin 2013,1,Ym mis Mehefin 2013.,1
"Gwleidydd o Awstralia yw Julia Gillard (ganwyd 29 Medi 1961). Roedd hi'n aelod o Blaid Lafur Awstralia. Rhwng 24 Mehefin 2010 a 26 Mehefin 2013 roedd yn Brif Weinidog Awstralia. Cyn hynny, bu'n Ddirprwy Arweinydd y Blaid Lafur. Cafodd ei geni yn y Barri, yng Nghymru, ym 1961, ond symudodd ei theulu i Adelaide, De Awstralia ym 1966. Mae hi'n weriniaethwraig o argyhoeddiad. Yn Awst 2010, yn ystod yr ymgyrch etholiad cyffredinol, cyhoeddodd y dylai Awstralia droi'n weriniaeth ar ôl marwolaeth Elisabeth II, brenhines y Deyrnas Unedig. Ar ôl colli'r bleidlais am arweinydd y Blaid Lafur, ymddiswyddodd Gillard fel Prif Weinidog ym mis Mehefin 2013. Gadawodd hi gwleidyddiaeth bryd hynny.",Beth mae Julia Gillard yn ei wneud nawr?,DIM YN Y DARN TESTUN,0,0,none,DIM YN Y DARN TESTUN,1,DIM YN Y DARN TESTUN,1,DIM YN Y DARN TESTUN,1
"Gwleidydd o Awstralia yw Julia Gillard (ganwyd 29 Medi 1961). Roedd hi'n aelod o Blaid Lafur Awstralia. Rhwng 24 Mehefin 2010 a 26 Mehefin 2013 roedd yn Brif Weinidog Awstralia. Cyn hynny, bu'n Ddirprwy Arweinydd y Blaid Lafur. Cafodd ei geni yn y Barri, yng Nghymru, ym 1961, ond symudodd ei theulu i Adelaide, De Awstralia ym 1966. Mae hi'n weriniaethwraig o argyhoeddiad. Yn Awst 2010, yn ystod yr ymgyrch etholiad cyffredinol, cyhoeddodd y dylai Awstralia droi'n weriniaeth ar ôl marwolaeth Elisabeth II, brenhines y Deyrnas Unedig. Ar ôl colli'r bleidlais am arweinydd y Blaid Lafur, ymddiswyddodd Gillard fel Prif Weinidog ym mis Mehefin 2013. Gadawodd hi gwleidyddiaeth bryd hynny.",Gweriniaethwraig yw Julia Gillard. Gwir neu gau? ,gwir,1,1,true_false,Gwir,1,Gwir.,1,GWIR,1
"Llyfrgell Genedlaethol Cymru, Aberystwyth, yw llyfrgell adnau cyfreithiol cenedlaethol Cymru ac mae'n cael ei chynnal gan Llywodraeth Cymru. Hon yw'r Llyfrgell fwyaf yng Nghymru, gyda dros 6.5 miliwn o lyfrau a chyfnodolion, a'r casgliadau mwyaf o archifau, portreadau, mapiau a delweddau ffotograffig yng Nghymru. Mae'r Llyfrgell hefyd yn gartref i Archif Sgrin a Sain Genedlaethol Cymru, Archif Wleidyddol Cymru, Archif Lenyddol Cymru, a'r casgliad mwyaf cynhwysfawr o bortreadau a phrintiau topograffyddol yng Nghymru.",Mae'r Llyfrgell yn gartref i'r casgliad mwyaf cynhwysfawr o brintiau topograffyddol a beth arall yng Nghymru?,portreadau,1,1,noun_phrase,portreadau,1,Archifau Sgrin a Sain Genedlaethol Cymru.,0,"Ie, y Llyfrgell Genedlaethol Cymru yw cartref i'r casgliad mwyaf cynhwysfawr o bortreadau a phrintiau topograffyddol yng Nghymru.",0
"Llyfrgell Genedlaethol Cymru, Aberystwyth, yw llyfrgell adnau cyfreithiol cenedlaethol Cymru ac mae'n cael ei chynnal gan Llywodraeth Cymru. Hon yw'r Llyfrgell fwyaf yng Nghymru, gyda dros 6.5 miliwn o lyfrau a chyfnodolion, a'r casgliadau mwyaf o archifau, portreadau, mapiau a delweddau ffotograffig yng Nghymru. Mae'r Llyfrgell hefyd yn gartref i Archif Sgrin a Sain Genedlaethol Cymru, Archif Wleidyddol Cymru, Archif Lenyddol Cymru, a'r casgliad mwyaf cynhwysfawr o bortreadau a phrintiau topograffyddol yng Nghymru.",Pwy sy'n cynnal Llyfrgell Genedlaethol Cymru?,Llywodraeth Cymru,1,1,other_entity,Llywodraeth Cymru,1,Llywodraeth Cymru.,1,Llywodraeth Cymru,1
"Llyfrgell Genedlaethol Cymru, Aberystwyth, yw llyfrgell adnau cyfreithiol cenedlaethol Cymru ac mae'n cael ei chynnal gan Llywodraeth Cymru. Hon yw'r Llyfrgell fwyaf yng Nghymru, gyda dros 6.5 miliwn o lyfrau a chyfnodolion, a'r casgliadau mwyaf o archifau, portreadau, mapiau a delweddau ffotograffig yng Nghymru. Mae'r Llyfrgell hefyd yn gartref i Archif Sgrin a Sain Genedlaethol Cymru, Archif Wleidyddol Cymru, Archif Lenyddol Cymru, a'r casgliad mwyaf cynhwysfawr o bortreadau a phrintiau topograffyddol yng Nghymru.",Faint o lyfrau a chyfnodolion sydd yn y Llyfrgell?,dros 6.5 miliwn,0,1,other_numeric,dros 6.5 miliwn,1,6.5 miliwn,1,DROS 6.5 MILIWN,1
"Llyfrgell Genedlaethol Cymru, Aberystwyth, yw llyfrgell adnau cyfreithiol cenedlaethol Cymru ac mae'n cael ei chynnal gan Llywodraeth Cymru. Hon yw'r Llyfrgell fwyaf yng Nghymru, gyda dros 6.5 miliwn o lyfrau a chyfnodolion, a'r casgliadau mwyaf o archifau, portreadau, mapiau a delweddau ffotograffig yng Nghymru. Mae'r Llyfrgell hefyd yn gartref i Archif Sgrin a Sain Genedlaethol Cymru, Archif Wleidyddol Cymru, Archif Lenyddol Cymru, a'r casgliad mwyaf cynhwysfawr o bortreadau a phrintiau topograffyddol yng Nghymru.",Faint o fideos sydd yn y Llyfrgell?,DIM YN Y DARN TESTUN,0,0,none,DIM YN Y DARN TESTUN,1,DIM YN Y DARN TESTUN,1,DIM YN Y DARN TESTUN,1
"Llyfrgell Genedlaethol Cymru, Aberystwyth, yw llyfrgell adnau cyfreithiol cenedlaethol Cymru ac mae'n cael ei chynnal gan Llywodraeth Cymru. Hon yw'r Llyfrgell fwyaf yng Nghymru, gyda dros 6.5 miliwn o lyfrau a chyfnodolion, a'r casgliadau mwyaf o archifau, portreadau, mapiau a delweddau ffotograffig yng Nghymru. Mae'r Llyfrgell hefyd yn gartref i Archif Sgrin a Sain Genedlaethol Cymru, Archif Wleidyddol Cymru, Archif Lenyddol Cymru, a'r casgliad mwyaf cynhwysfawr o bortreadau a phrintiau topograffyddol yng Nghymru.","Mae'r Llyfrgell yn gartref i'r Archif Lenyddol Cymru, Archif Sgrin a Sain Genedlaethol Cymru a pha archif arall?",Archif Wleidyddol Cymru,0,1,other_entity,Archif Wleidyddol Cymru,1,Archif Wleidyddol Cymru.,1,Archif Wleidyddol Cymru,1
"Prifysgol ym Mharc Cathays, Caerdydd a sefydlwyd ym 1883 yw Prifysgol Caerdydd (Saesneg: Cardiff University). Roedd hi'n aelod Prifysgol Cymru tan 2004. Mae Prifysgol Caerdydd yn un o brif brifysgolion ymchwil y byd, gyda thros 60% o'r ymchwil a wneir yng Nghaerdydd wedi ei ystyried ymysg y gorau yn y byd. Yn hynny o beth, mae Prifysgol Caerdydd yn un o brifysgolion Gr?p Russell. Sefydlwyd Coleg Prifysgol De Cymru a Mynwy ym 1883, ac fe'i gorfforwyd trwy Siarter Frenhinol ym 1884. Ym 1931, gwahanwyd yr Ysgol Feddygaeth oddi wrth y Coleg er mwyn ffurfio Coleg Meddygaeth Prifysgol Cymru.",Pryd gwahanwyd yr Ysgol Feddygaeth oddi wrth y Coleg?,1931,0,1,date,Ym 1931,1,1931,1,Ym 1931,1
"Prifysgol ym Mharc Cathays, Caerdydd a sefydlwyd ym 1883 yw Prifysgol Caerdydd (Saesneg: Cardiff University). Roedd hi'n aelod Prifysgol Cymru tan 2004. Mae Prifysgol Caerdydd yn un o brif brifysgolion ymchwil y byd, gyda thros 60% o'r ymchwil a wneir yng Nghaerdydd wedi ei ystyried ymysg y gorau yn y byd. Yn hynny o beth, mae Prifysgol Caerdydd yn un o brifysgolion Gr?p Russell. Sefydlwyd Coleg Prifysgol De Cymru a Mynwy ym 1883, ac fe'i gorfforwyd trwy Siarter Frenhinol ym 1884. Ym 1931, gwahanwyd yr Ysgol Feddygaeth oddi wrth y Coleg er mwyn ffurfio Coleg Meddygaeth Prifysgol Cymru.",Parc Cathays yw'r lle Prifysgol Caerdydd. Gwir neu gau?,gwir,1,1,true_false,Gwir,1,GWIR.,1,Gwir,1
"Prifysgol ym Mharc Cathays, Caerdydd a sefydlwyd ym 1883 yw Prifysgol Caerdydd (Saesneg: Cardiff University). Roedd hi'n aelod Prifysgol Cymru tan 2004. Mae Prifysgol Caerdydd yn un o brif brifysgolion ymchwil y byd, gyda thros 60% o'r ymchwil a wneir yng Nghaerdydd wedi ei ystyried ymysg y gorau yn y byd. Yn hynny o beth, mae Prifysgol Caerdydd yn un o brifysgolion Gr?p Russell. Sefydlwyd Coleg Prifysgol De Cymru a Mynwy ym 1883, ac fe'i gorfforwyd trwy Siarter Frenhinol ym 1884. Ym 1931, gwahanwyd yr Ysgol Feddygaeth oddi wrth y Coleg er mwyn ffurfio Coleg Meddygaeth Prifysgol Cymru.",Roedd Prifysgol Caerdydd yn aelod o Brifysgol Cymru tan pryd?,2004,0,1,date,2004,1,2004,1,Roedd Prifysgol Caerdydd yn aelod o Brifysgol Cymru tan 2004.,1
"Prifysgol ym Mharc Cathays, Caerdydd a sefydlwyd ym 1883 yw Prifysgol Caerdydd (Saesneg: Cardiff University). Roedd hi'n aelod Prifysgol Cymru tan 2004. Mae Prifysgol Caerdydd yn un o brif brifysgolion ymchwil y byd, gyda thros 60% o'r ymchwil a wneir yng Nghaerdydd wedi ei ystyried ymysg y gorau yn y byd. Yn hynny o beth, mae Prifysgol Caerdydd yn un o brifysgolion Gr?p Russell. Sefydlwyd Coleg Prifysgol De Cymru a Mynwy ym 1883, ac fe'i gorfforwyd trwy Siarter Frenhinol ym 1884. Ym 1931, gwahanwyd yr Ysgol Feddygaeth oddi wrth y Coleg er mwyn ffurfio Coleg Meddygaeth Prifysgol Cymru.",Faint o fyfyrwyr sydd ym Mrifysgol Caerdydd?,DIM YN Y DARN TESTUN,0,0,none,DIM YN Y DARN TESTUN,1,DIM YN Y DARN TESTUN,1,DIM YN Y DARN TESTUN,1
"Prifysgol ym Mharc Cathays, Caerdydd a sefydlwyd ym 1883 yw Prifysgol Caerdydd (Saesneg: Cardiff University). Roedd hi'n aelod Prifysgol Cymru tan 2004. Mae Prifysgol Caerdydd yn un o brif brifysgolion ymchwil y byd, gyda thros 60% o'r ymchwil a wneir yng Nghaerdydd wedi ei ystyried ymysg y gorau yn y byd. Yn hynny o beth, mae Prifysgol Caerdydd yn un o brifysgolion Gr?p Russell. Sefydlwyd Coleg Prifysgol De Cymru a Mynwy ym 1883, ac fe'i gorfforwyd trwy Siarter Frenhinol ym 1884. Ym 1931, gwahanwyd yr Ysgol Feddygaeth oddi wrth y Coleg er mwyn ffurfio Coleg Meddygaeth Prifysgol Cymru.",Dydy Prifysgol Caerdydd ddim yng Ngr?p Russell. Gwir neu gau?,gau,0,1,true_false,Gau,1,Gwir.,0,DIM YN Y DARN TESTUN,0
"Gwlad yn y Cefnfor Tawel sydd yn cynnwys dwy ynys fawr (Ynys y Gogledd ac Ynys y De) a nifer o ynysoedd bychain yw Seland Newydd (Saesneg: New Zealand, Maori: Aotearoa). Yn iaith y Maori, pobl wreiddiol y wlad, Aotearoa yw ei henw, a chyfieithir yr enw yn aml fel ""gwlad o dan gwmwl gwyn hir"". Yn ôl y chwedlau, roedd cwmwl gwyn uwchben uwch pan ddaeth y bobl gyntaf i'r wlad. Yn ôl y Cyfrifiad Cenedlaethol diweddaraf, roedd poblogaeth y wlad yn 5,118,700 (31 Rhagfyr 2021). Auckland ar Ynys y Gogledd yw'r ddinas fwyaf, ond Wellington (ar yr un ynys) yw'r brifddinas. Christchurch yw'r ddinas fwyaf ar Ynys y De. ",Ym mha gefnfor y mae Seland Newydd?,Cefnfor Tawel,1,1,location,Cefnfor Tawel,1,Cefnfor Tawel,1,Cefnfor Tawel,1
"Gwlad yn y Cefnfor Tawel sydd yn cynnwys dwy ynys fawr (Ynys y Gogledd ac Ynys y De) a nifer o ynysoedd bychain yw Seland Newydd (Saesneg: New Zealand, Maori: Aotearoa). Yn iaith y Maori, pobl wreiddiol y wlad, Aotearoa yw ei henw, a chyfieithir yr enw yn aml fel ""gwlad o dan gwmwl gwyn hir"". Yn ôl y chwedlau, roedd cwmwl gwyn uwchben uwch pan ddaeth y bobl gyntaf i'r wlad. Yn ôl y Cyfrifiad Cenedlaethol diweddaraf, roedd poblogaeth y wlad yn 5,118,700 (31 Rhagfyr 2021). Auckland ar Ynys y Gogledd yw'r ddinas fwyaf, ond Wellington (ar yr un ynys) yw'r brifddinas. Christchurch yw'r ddinas fwyaf ar Ynys y De. ",Sut cyfieithir Aotearoa yn aml?,gwlad o dan gwmwl gwyn hir,1,1,noun_phrase,gwlad o dan gwmwl gwyn hir,1,Gwlad o dan cwmwl gwyn hir.,1,"""gwlad o dan gwmwl gwyn hir""",1
"Gwlad yn y Cefnfor Tawel sydd yn cynnwys dwy ynys fawr (Ynys y Gogledd ac Ynys y De) a nifer o ynysoedd bychain yw Seland Newydd (Saesneg: New Zealand, Maori: Aotearoa). Yn iaith y Maori, pobl wreiddiol y wlad, Aotearoa yw ei henw, a chyfieithir yr enw yn aml fel ""gwlad o dan gwmwl gwyn hir"". Yn ôl y chwedlau, roedd cwmwl gwyn uwchben uwch pan ddaeth y bobl gyntaf i'r wlad. Yn ôl y Cyfrifiad Cenedlaethol diweddaraf, roedd poblogaeth y wlad yn 5,118,700 (31 Rhagfyr 2021). Auckland ar Ynys y Gogledd yw'r ddinas fwyaf, ond Wellington (ar yr un ynys) yw'r brifddinas. Christchurch yw'r ddinas fwyaf ar Ynys y De. ",Faint o ynysoedd bychain sydd yn Seland Newydd?,DIM YN Y DARN TESTUN,0,0,none,DIM YN Y DARN TESTUN,1,Nifer o ynysoedd bychain,0,Nifer o ynysoedd bychain yn Seland Newydd yw DIM YN Y DARN TESTUN,0
"Gwlad yn y Cefnfor Tawel sydd yn cynnwys dwy ynys fawr (Ynys y Gogledd ac Ynys y De) a nifer o ynysoedd bychain yw Seland Newydd (Saesneg: New Zealand, Maori: Aotearoa). Yn iaith y Maori, pobl wreiddiol y wlad, Aotearoa yw ei henw, a chyfieithir yr enw yn aml fel ""gwlad o dan gwmwl gwyn hir"". Yn ôl y chwedlau, roedd cwmwl gwyn uwchben uwch pan ddaeth y bobl gyntaf i'r wlad. Yn ôl y Cyfrifiad Cenedlaethol diweddaraf, roedd poblogaeth y wlad yn 5,118,700 (31 Rhagfyr 2021). Auckland ar Ynys y Gogledd yw'r ddinas fwyaf, ond Wellington (ar yr un ynys) yw'r brifddinas. Christchurch yw'r ddinas fwyaf ar Ynys y De. ",Beth oedd poblogaeth y wlad yn ôl y Cyfrifiad Cenedlaethol diweddaraf?,"5,118,700",0,1,other_numeric,"5,118,700",1,"5,118,700",1,"5,118,700",1
"Gwlad yn y Cefnfor Tawel sydd yn cynnwys dwy ynys fawr (Ynys y Gogledd ac Ynys y De) a nifer o ynysoedd bychain yw Seland Newydd (Saesneg: New Zealand, Maori: Aotearoa). Yn iaith y Maori, pobl wreiddiol y wlad, Aotearoa yw ei henw, a chyfieithir yr enw yn aml fel ""gwlad o dan gwmwl gwyn hir"". Yn ôl y chwedlau, roedd cwmwl gwyn uwchben uwch pan ddaeth y bobl gyntaf i'r wlad. Yn ôl y Cyfrifiad Cenedlaethol diweddaraf, roedd poblogaeth y wlad yn 5,118,700 (31 Rhagfyr 2021). Auckland ar Ynys y Gogledd yw'r ddinas fwyaf, ond Wellington (ar yr un ynys) yw'r brifddinas. Christchurch yw'r ddinas fwyaf ar Ynys y De. ",Mae'r brifddinas Seland Newydd ar Ynys y De. Gwir neu gau?,gau,0,1,true_false,Gau,1,Gwir.,0,Gwir,0
"Math o chwaraeon yw hoci iâ, sy'n boblogaidd yn enwedig mewn gwledydd fel Canada, Rwsia, Sweden a'r Ffindir. Cynghrair Hoci Genedlaethol (NHL) Gogledd America yw'r gynghrair hoci iâ bwysicaf yn y byd, gyda thimau o Ganada ac o UDA. Bellach nid oes llawer o hoci iâ yng Nghymru nag yng ngwledydd Prydain, ond chwaraeai Steve Thomas yn yr NHL rhwng 1984 a 2004. Chwaraewr arall o Gymru a wnaeth ei farc yn yr Amerig oedd Cy Thomas. Mae hoci iâ yn perthyn i deulu campau hoci ac yn amrywiaeth boblogaidd ar y gamp. Yng Nghanada a'r Unol Daleithiau cyfeirir at hoci iâ yn syml fel hockey gan ystyried mae dyna'r gamp arferol â'r enw.",Pwy chwaraeai yn yr NHL rhwng 1984 a 2004?,Steve Thomas,0,1,person,Steve Thomas,1,Steve Thomas,1,Steve Thomas,1
"Math o chwaraeon yw hoci iâ, sy'n boblogaidd yn enwedig mewn gwledydd fel Canada, Rwsia, Sweden a'r Ffindir. Cynghrair Hoci Genedlaethol (NHL) Gogledd America yw'r gynghrair hoci iâ bwysicaf yn y byd, gyda thimau o Ganada ac o UDA. Bellach nid oes llawer o hoci iâ yng Nghymru nag yng ngwledydd Prydain, ond chwaraeai Steve Thomas yn yr NHL rhwng 1984 a 2004. Chwaraewr arall o Gymru a wnaeth ei farc yn yr Amerig oedd Cy Thomas. Mae hoci iâ yn perthyn i deulu campau hoci ac yn amrywiaeth boblogaidd ar y gamp. Yng Nghanada a'r Unol Daleithiau cyfeirir at hoci iâ yn syml fel hockey gan ystyried mae dyna'r gamp arferol â'r enw.",O ble mae'r timau yn y Gynghrair Hoci Genedlaethol?,Canada ac UDA,1,1,location,o Ganada ac o UDA,1,Gogledd America,0,Canada ac UDA,1
"Math o chwaraeon yw hoci iâ, sy'n boblogaidd yn enwedig mewn gwledydd fel Canada, Rwsia, Sweden a'r Ffindir. Cynghrair Hoci Genedlaethol (NHL) Gogledd America yw'r gynghrair hoci iâ bwysicaf yn y byd, gyda thimau o Ganada ac o UDA. Bellach nid oes llawer o hoci iâ yng Nghymru nag yng ngwledydd Prydain, ond chwaraeai Steve Thomas yn yr NHL rhwng 1984 a 2004. Chwaraewr arall o Gymru a wnaeth ei farc yn yr Amerig oedd Cy Thomas. Mae hoci iâ yn perthyn i deulu campau hoci ac yn amrywiaeth boblogaidd ar y gamp. Yng Nghanada a'r Unol Daleithiau cyfeirir at hoci iâ yn syml fel hockey gan ystyried mae dyna'r gamp arferol â'r enw.",Bellach mae llawer o hoci iâ yng Nghymru ac yng ngwledydd Prydain. Gwir neu gau?,gau,0,1,true_false,Gau,1,DIM YN Y DARN TESTUN,0,DIM YN Y DARN TESTUN,0
"Math o chwaraeon yw hoci iâ, sy'n boblogaidd yn enwedig mewn gwledydd fel Canada, Rwsia, Sweden a'r Ffindir. Cynghrair Hoci Genedlaethol (NHL) Gogledd America yw'r gynghrair hoci iâ bwysicaf yn y byd, gyda thimau o Ganada ac o UDA. Bellach nid oes llawer o hoci iâ yng Nghymru nag yng ngwledydd Prydain, ond chwaraeai Steve Thomas yn yr NHL rhwng 1984 a 2004. Chwaraewr arall o Gymru a wnaeth ei farc yn yr Amerig oedd Cy Thomas. Mae hoci iâ yn perthyn i deulu campau hoci ac yn amrywiaeth boblogaidd ar y gamp. Yng Nghanada a'r Unol Daleithiau cyfeirir at hoci iâ yn syml fel hockey gan ystyried mae dyna'r gamp arferol â'r enw.",Faint o chwaraewyr sydd mewn tîm hoci iâ?,DIM YN Y DARN TESTUN,0,0,none,DIM YN Y DARN TESTUN,1,Dim yn y darn testun.,1,11 - 12 (dim yn y darn testun),0
"Math o chwaraeon yw hoci iâ, sy'n boblogaidd yn enwedig mewn gwledydd fel Canada, Rwsia, Sweden a'r Ffindir. Cynghrair Hoci Genedlaethol (NHL) Gogledd America yw'r gynghrair hoci iâ bwysicaf yn y byd, gyda thimau o Ganada ac o UDA. Bellach nid oes llawer o hoci iâ yng Nghymru nag yng ngwledydd Prydain, ond chwaraeai Steve Thomas yn yr NHL rhwng 1984 a 2004. Chwaraewr arall o Gymru a wnaeth ei farc yn yr Amerig oedd Cy Thomas. Mae hoci iâ yn perthyn i deulu campau hoci ac yn amrywiaeth boblogaidd ar y gamp. Yng Nghanada a'r Unol Daleithiau cyfeirir at hoci iâ yn syml fel hockey gan ystyried mae dyna'r gamp arferol â'r enw.",Mewn pa wledydd mae hoci iâ yn boblogaidd yn enwedig?,"Canada, Rwsia, Sweden a'r Ffindir",1,1,location,"Canada, Rwsia, Sweden a'r Ffindir",1,"Canada, Rwsia, Sweden a'r Ffindir.",1,"Canada, Rwsia, Sweden a'r Ffindir.",1
"Mae Tonga (yn swyddogol Teyrnas Tonga; yn y Tongaeg: Pule?anga Fakatu?i ?o Tonga) yn wlad sofran, ac yn wlad ynys ym Mholynesia, sy'n rhan o Oceania. Mae ganddi 171 o ynysoedd - gyda phobl yn byw ar 45 ohonynt nhw. Cyfanswm arwynebedd y wlad yw tua 750 cilometr sgwar (290 milltir sgwar) a hynny wedi ei wasgaru dros arwynebedd o tua 700,000 o gilometrau sgwar (270,000 milltir sgwar)yn Ne'r Cefnfor Tawel. O 2021 ymlaen, mae gan Tonga boblogaeth o 104,494, gyda 70% ohonynt yn byw ar y brif ynys, sef Tongatapu. ",Mae Polynesia yn rhan o Oceania. Gwir neu gau?,Gwir,1,1,true_false,Gwir,1,GWIR.,1,GWIR,1
"Mae Tonga (yn swyddogol Teyrnas Tonga; yn y Tongaeg: Pule?anga Fakatu?i ?o Tonga) yn wlad sofran, ac yn wlad ynys ym Mholynesia, sy'n rhan o Oceania. Mae ganddi 171 o ynysoedd - gyda phobl yn byw ar 45 ohonynt nhw. Cyfanswm arwynebedd y wlad yw tua 750 cilometr sgwar (290 milltir sgwar) a hynny wedi ei wasgaru dros arwynebedd o tua 700,000 o gilometrau sgwar (270,000 milltir sgwar)yn Ne'r Cefnfor Tawel. O 2021 ymlaen, mae gan Tonga boblogaeth o 104,494, gyda 70% ohonynt yn byw ar y brif ynys, sef Tongatapu. ",Beth yw'r prifddinas Tonga?,DIM YN Y DARN TESTUN,0,0,none,DIM YN Y DARN TESTUN,1,Tongatapu,0,Nuku'alofa,0
"Mae Tonga (yn swyddogol Teyrnas Tonga; yn y Tongaeg: Pule?anga Fakatu?i ?o Tonga) yn wlad sofran, ac yn wlad ynys ym Mholynesia, sy'n rhan o Oceania. Mae ganddi 171 o ynysoedd - gyda phobl yn byw ar 45 ohonynt nhw. Cyfanswm arwynebedd y wlad yw tua 750 cilometr sgwar (290 milltir sgwar) a hynny wedi ei wasgaru dros arwynebedd o tua 700,000 o gilometrau sgwar (270,000 milltir sgwar)yn Ne'r Cefnfor Tawel. O 2021 ymlaen, mae gan Tonga boblogaeth o 104,494, gyda 70% ohonynt yn byw ar y brif ynys, sef Tongatapu. ",Mar Tonga yng Ngogledd Cefnfor Tawel. Gwir neu gau?,Gau,0,1,true_false,Gau,1,Gwir.,0,Gwir,0
"Mae Tonga (yn swyddogol Teyrnas Tonga; yn y Tongaeg: Pule?anga Fakatu?i ?o Tonga) yn wlad sofran, ac yn wlad ynys ym Mholynesia, sy'n rhan o Oceania. Mae ganddi 171 o ynysoedd - gyda phobl yn byw ar 45 ohonynt nhw. Cyfanswm arwynebedd y wlad yw tua 750 cilometr sgwar (290 milltir sgwar) a hynny wedi ei wasgaru dros arwynebedd o tua 700,000 o gilometrau sgwar (270,000 milltir sgwar)yn Ne'r Cefnfor Tawel. O 2021 ymlaen, mae gan Tonga boblogaeth o 104,494, gyda 70% ohonynt yn byw ar y brif ynys, sef Tongatapu. ",Beth yw'r brif ynys Tonga?,Tongatapu,0,1,location,Tongatapu,1,Tongatapu,1,Tongatapu,1
"Mae Tonga (yn swyddogol Teyrnas Tonga; yn y Tongaeg: Pule?anga Fakatu?i ?o Tonga) yn wlad sofran, ac yn wlad ynys ym Mholynesia, sy'n rhan o Oceania. Mae ganddi 171 o ynysoedd - gyda phobl yn byw ar 45 ohonynt nhw. Cyfanswm arwynebedd y wlad yw tua 750 cilometr sgwar (290 milltir sgwar) a hynny wedi ei wasgaru dros arwynebedd o tua 700,000 o gilometrau sgwar (270,000 milltir sgwar)yn Ne'r Cefnfor Tawel. O 2021 ymlaen, mae gan Tonga boblogaeth o 104,494, gyda 70% ohonynt yn byw ar y brif ynys, sef Tongatapu. ",Ar faint o ynysoedd yn Nhonga mae pobl yn byw?,45,1,1,other_numeric,45,1,45,1,45 o ynysoedd,1
"Astudiaeth wyddonol o hanes a diwylliant dyn drwy ddatguddio a dadansoddi olion ffisegol yw archaeoleg. Gall yr olion fod yn bensaernïol, yn olion dynol, neu'r dirlun hyd yn oed. Nod yr archaeolegydd yw rhoi goleuni ar hanes ac ymddygiad dyn dros dymor hir. Gall anthropoleg fod o help i'r archaeolegwr hefyd. O'r 16eg ymlaen rhoddwyd gogwydd pur wyddonol ar waith yr achaeolegydd. Mae'r dechnoleg ddiweddaraf, gan gynnwys dulliau dyddio radiometrig a charbon ddyddio yn dangos fod bywyd dynol wedi bodoli yng Nghymru ers dros chwarter miliwn o flynyddoedd. ",Gall daeryddiaeth fod o help i'r archaeolgwr. Gwir neu gau?,DIM YN Y DARN TESTUN,0,0,none,Gau,0,GWIR.,0,Gwir,0
"Astudiaeth wyddonol o hanes a diwylliant dyn drwy ddatguddio a dadansoddi olion ffisegol yw archaeoleg. Gall yr olion fod yn bensaernïol, yn olion dynol, neu'r dirlun hyd yn oed. Nod yr archaeolegydd yw rhoi goleuni ar hanes ac ymddygiad dyn dros dymor hir. Gall anthropoleg fod o help i'r archaeolegwr hefyd. O'r 16eg ymlaen rhoddwyd gogwydd pur wyddonol ar waith yr achaeolegydd. Mae'r dechnoleg ddiweddaraf, gan gynnwys dulliau dyddio radiometrig a charbon ddyddio yn dangos fod bywyd dynol wedi bodoli yng Nghymru ers dros chwarter miliwn o flynyddoedd. ",Ers pryd y mae gogwydd gwaith yr archeolegydd wedi bod yn bur wyddonol?,o'r 16eg,1,1,date,O'r 16eg ymlaen,1,Y 16eg.,1,O'r 16eg ganrif ymlaen.,1
"Astudiaeth wyddonol o hanes a diwylliant dyn drwy ddatguddio a dadansoddi olion ffisegol yw archaeoleg. Gall yr olion fod yn bensaernïol, yn olion dynol, neu'r dirlun hyd yn oed. Nod yr archaeolegydd yw rhoi goleuni ar hanes ac ymddygiad dyn dros dymor hir. Gall anthropoleg fod o help i'r archaeolegwr hefyd. O'r 16eg ymlaen rhoddwyd gogwydd pur wyddonol ar waith yr achaeolegydd. Mae'r dechnoleg ddiweddaraf, gan gynnwys dulliau dyddio radiometrig a charbon ddyddio yn dangos fod bywyd dynol wedi bodoli yng Nghymru ers dros chwarter miliwn o flynyddoedd. ",Ers faint o amser mae Cymru wedi bod yn gartref i fywyd dynol?,dros chwarter miliwn o flynyddoedd,1,1,clause,Dros chwarter miliwn o flynyddoedd,1,Dros chwarter miliwn o flynyddoedd.,1,DROS CHWARTER MILIWN O FLYNYDDOEDD.,1
"Astudiaeth wyddonol o hanes a diwylliant dyn drwy ddatguddio a dadansoddi olion ffisegol yw archaeoleg. Gall yr olion fod yn bensaernïol, yn olion dynol, neu'r dirlun hyd yn oed. Nod yr archaeolegydd yw rhoi goleuni ar hanes ac ymddygiad dyn dros dymor hir. Gall anthropoleg fod o help i'r archaeolegwr hefyd. O'r 16eg ymlaen rhoddwyd gogwydd pur wyddonol ar waith yr achaeolegydd. Mae'r dechnoleg ddiweddaraf, gan gynnwys dulliau dyddio radiometrig a charbon ddyddio yn dangos fod bywyd dynol wedi bodoli yng Nghymru ers dros chwarter miliwn o flynyddoedd. ",Beth yw nod yr archaeolegydd?, rhoi goleuni ar hanes ac ymddygiad dyn dros dymor hir,0,1,verb_phrase,rhoi goleuni ar hanes ac ymddygiad dyn dros dymor hir,1,Rhoi goleuni ar hanes ac ymddygiad dyn dros dymor hir.,1,Rhoi goleuni ar hanes ac ymddygiad dyn dros dymor hir.,1
"Astudiaeth wyddonol o hanes a diwylliant dyn drwy ddatguddio a dadansoddi olion ffisegol yw archaeoleg. Gall yr olion fod yn bensaernïol, yn olion dynol, neu'r dirlun hyd yn oed. Nod yr archaeolegydd yw rhoi goleuni ar hanes ac ymddygiad dyn dros dymor hir. Gall anthropoleg fod o help i'r archaeolegwr hefyd. O'r 16eg ymlaen rhoddwyd gogwydd pur wyddonol ar waith yr achaeolegydd. Mae'r dechnoleg ddiweddaraf, gan gynnwys dulliau dyddio radiometrig a charbon ddyddio yn dangos fod bywyd dynol wedi bodoli yng Nghymru ers dros chwarter miliwn o flynyddoedd. ",Faint o flynyddoedd mae archaeolegwyr yn astudio yn y brifysgol?,DIM YN Y DARN TESTUN,0,0,none,DIM YN Y DARN TESTUN,1,DIM YN Y DARN TESTUN,1,DIM YN Y DARN TESTUN,1
"Mae’r gath (Felis catus neu domesticus) yn famal bach cigysol dof sydd â blew meddal, trwyn byr wisgerog ac ewinedd gwrthdynnol. Mae’n anifail anwes a fegir am ei chwmnïaeth, yn aml, a’i gallu i hela pryf a nadroedd a hynny ers o leiaf 9,500 o flynyddoedd. Mae’n heliwr celfydd, a cheir dros fil o wahanol fathau. Gellir ei hyfforddi i ufuddhau i orchmynion syml. Mae rhai cathod penodol yn enwog am allu gweithio systemau mecanyddol syml fel dyrnau drysau. Mae cathod yn defnyddio nifer o wahanol fathau o synau ac iaith-gorfforol wrth gyfathrebu. Gyda 600 miliwn o gathod fel anifeiliad anwes ledled y byd, cathod, mae’n bosib, yw’r anifail anwes mwyaf poblogaidd yn y byd.",Faint o gathod fel anifeiliad anwes sydd ledled y byd?,600 miliwn,0,1,other_numeric,600 miliwn,1,600 miliwn,1,DIM YN Y DARN TESTUN,0
"Mae’r gath (Felis catus neu domesticus) yn famal bach cigysol dof sydd â blew meddal, trwyn byr wisgerog ac ewinedd gwrthdynnol. Mae’n anifail anwes a fegir am ei chwmnïaeth, yn aml, a’i gallu i hela pryf a nadroedd a hynny ers o leiaf 9,500 o flynyddoedd. Mae’n heliwr celfydd, a cheir dros fil o wahanol fathau. Gellir ei hyfforddi i ufuddhau i orchmynion syml. Mae rhai cathod penodol yn enwog am allu gweithio systemau mecanyddol syml fel dyrnau drysau. Mae cathod yn defnyddio nifer o wahanol fathau o synau ac iaith-gorfforol wrth gyfathrebu. Gyda 600 miliwn o gathod fel anifeiliad anwes ledled y byd, cathod, mae’n bosib, yw’r anifail anwes mwyaf poblogaidd yn y byd.",Mamal bach yw'r gath. Gwir neu gau?,Gwir,1,1,true_false,Gwir,1,GWIR.,1,Gwir,1
"Mae’r gath (Felis catus neu domesticus) yn famal bach cigysol dof sydd â blew meddal, trwyn byr wisgerog ac ewinedd gwrthdynnol. Mae’n anifail anwes a fegir am ei chwmnïaeth, yn aml, a’i gallu i hela pryf a nadroedd a hynny ers o leiaf 9,500 o flynyddoedd. Mae’n heliwr celfydd, a cheir dros fil o wahanol fathau. Gellir ei hyfforddi i ufuddhau i orchmynion syml. Mae rhai cathod penodol yn enwog am allu gweithio systemau mecanyddol syml fel dyrnau drysau. Mae cathod yn defnyddio nifer o wahanol fathau o synau ac iaith-gorfforol wrth gyfathrebu. Gyda 600 miliwn o gathod fel anifeiliad anwes ledled y byd, cathod, mae’n bosib, yw’r anifail anwes mwyaf poblogaidd yn y byd.",Ydy pobl yn cael cathod ar gyfer cwmnïaeth?,Ydy,1,1,yes_no,"Ie, yn aml",1,Hocw,0,DIM YN Y DARN TESTUN,0
"Mae’r gath (Felis catus neu domesticus) yn famal bach cigysol dof sydd â blew meddal, trwyn byr wisgerog ac ewinedd gwrthdynnol. Mae’n anifail anwes a fegir am ei chwmnïaeth, yn aml, a’i gallu i hela pryf a nadroedd a hynny ers o leiaf 9,500 o flynyddoedd. Mae’n heliwr celfydd, a cheir dros fil o wahanol fathau. Gellir ei hyfforddi i ufuddhau i orchmynion syml. Mae rhai cathod penodol yn enwog am allu gweithio systemau mecanyddol syml fel dyrnau drysau. Mae cathod yn defnyddio nifer o wahanol fathau o synau ac iaith-gorfforol wrth gyfathrebu. Gyda 600 miliwn o gathod fel anifeiliad anwes ledled y byd, cathod, mae’n bosib, yw’r anifail anwes mwyaf poblogaidd yn y byd.",O ble mae cathod yn dod?,DIM YN Y DARN TESTUN,0,0,none,Felis catus neu domesticus,0,Dwyrain Affrica,0,Dim yn y darn testun,1
"Mae’r gath (Felis catus neu domesticus) yn famal bach cigysol dof sydd â blew meddal, trwyn byr wisgerog ac ewinedd gwrthdynnol. Mae’n anifail anwes a fegir am ei chwmnïaeth, yn aml, a’i gallu i hela pryf a nadroedd a hynny ers o leiaf 9,500 o flynyddoedd. Mae’n heliwr celfydd, a cheir dros fil o wahanol fathau. Gellir ei hyfforddi i ufuddhau i orchmynion syml. Mae rhai cathod penodol yn enwog am allu gweithio systemau mecanyddol syml fel dyrnau drysau. Mae cathod yn defnyddio nifer o wahanol fathau o synau ac iaith-gorfforol wrth gyfathrebu. Gyda 600 miliwn o gathod fel anifeiliad anwes ledled y byd, cathod, mae’n bosib, yw’r anifail anwes mwyaf poblogaidd yn y byd.",Mae cathod yn gallu hela pa anifeiliad?,pryf a nadroedd,0,1,noun_phrase,pryf a nadroedd,1,Pryf a nadroedd.,1,"Ia, mae cathod yn gallu hela pryf a nadroedd.",1
"Y Lleuad (enw benywaidd) neu'r Lloer (enw benywaidd) yw unig loeren naturiol sylweddol y Ddaear. Mae'r Lleuad yn troi o amgylch y ddaear mewn orbit o 27.3 diwrnod ac ei gyfartaledd pellter o'r ddaear yw 384,403 km. Fe gymer 1.3 eiliad i'r goleuni o'r haul a adlewyrchir oddi ar wyneb y Lleuad deithio i'r ddaear (yn ôl cyflymdra goleuni). Mae tua 500,000 o graterau ar ei hwyneb. Grym disgyrchiant sydd yn dal y lleuad yn ei horbit. Does fawr ddim atmosffer ganddi i'w hamddiffyn. Credir i'r lleuad gael ei ffurfio 4.46 biliwn o flynyddoedd yn ôl, ychydig wedi i'r Ddaear gael ei ffurfio.",Beth sydd yn dal y Lleuad yn ei horbit?,grym disgyrchiant ,0,1,noun_phrase,Grym disgyrchiant,1,Grym disgyrchiant y Ddaear.,1,Grym disgyrchiant,1
"Y Lleuad (enw benywaidd) neu'r Lloer (enw benywaidd) yw unig loeren naturiol sylweddol y Ddaear. Mae'r Lleuad yn troi o amgylch y ddaear mewn orbit o 27.3 diwrnod ac ei gyfartaledd pellter o'r ddaear yw 384,403 km. Fe gymer 1.3 eiliad i'r goleuni o'r haul a adlewyrchir oddi ar wyneb y Lleuad deithio i'r ddaear (yn ôl cyflymdra goleuni). Mae tua 500,000 o graterau ar ei hwyneb. Grym disgyrchiant sydd yn dal y lleuad yn ei horbit. Does fawr ddim atmosffer ganddi i'w hamddiffyn. Credir i'r lleuad gael ei ffurfio 4.46 biliwn o flynyddoedd yn ôl, ychydig wedi i'r Ddaear gael ei ffurfio.",Oes lleuad gen Fenws?,DIM YN Y DARN TESTUN,0,0,none,DIM YN Y DARN TESTUN,1,DIM YN Y DARN TESTUN,1,DIM YN Y DARN TESTUN,1
"Y Lleuad (enw benywaidd) neu'r Lloer (enw benywaidd) yw unig loeren naturiol sylweddol y Ddaear. Mae'r Lleuad yn troi o amgylch y ddaear mewn orbit o 27.3 diwrnod ac ei gyfartaledd pellter o'r ddaear yw 384,403 km. Fe gymer 1.3 eiliad i'r goleuni o'r haul a adlewyrchir oddi ar wyneb y Lleuad deithio i'r ddaear (yn ôl cyflymdra goleuni). Mae tua 500,000 o graterau ar ei hwyneb. Grym disgyrchiant sydd yn dal y lleuad yn ei horbit. Does fawr ddim atmosffer ganddi i'w hamddiffyn. Credir i'r lleuad gael ei ffurfio 4.46 biliwn o flynyddoedd yn ôl, ychydig wedi i'r Ddaear gael ei ffurfio.",Lloeren y Ddaer yw'r Lleuad. Gwir neu gau?,Gwir,1,1,true_false,Gwir,1,GWIR.,1,Gwir,1
"Y Lleuad (enw benywaidd) neu'r Lloer (enw benywaidd) yw unig loeren naturiol sylweddol y Ddaear. Mae'r Lleuad yn troi o amgylch y ddaear mewn orbit o 27.3 diwrnod ac ei gyfartaledd pellter o'r ddaear yw 384,403 km. Fe gymer 1.3 eiliad i'r goleuni o'r haul a adlewyrchir oddi ar wyneb y Lleuad deithio i'r ddaear (yn ôl cyflymdra goleuni). Mae tua 500,000 o graterau ar ei hwyneb. Grym disgyrchiant sydd yn dal y lleuad yn ei horbit. Does fawr ddim atmosffer ganddi i'w hamddiffyn. Credir i'r lleuad gael ei ffurfio 4.46 biliwn o flynyddoedd yn ôl, ychydig wedi i'r Ddaear gael ei ffurfio.",Beth yw cyfartaledd pellter y Lleuad o'r Ddaear,"384,403 km",1,1,other_numeric,"384,403 km",1,"384,403 km",1,"384,403 km",1
"Y Lleuad (enw benywaidd) neu'r Lloer (enw benywaidd) yw unig loeren naturiol sylweddol y Ddaear. Mae'r Lleuad yn troi o amgylch y ddaear mewn orbit o 27.3 diwrnod ac ei gyfartaledd pellter o'r ddaear yw 384,403 km. Fe gymer 1.3 eiliad i'r goleuni o'r haul a adlewyrchir oddi ar wyneb y Lleuad deithio i'r ddaear (yn ôl cyflymdra goleuni). Mae tua 500,000 o graterau ar ei hwyneb. Grym disgyrchiant sydd yn dal y lleuad yn ei horbit. Does fawr ddim atmosffer ganddi i'w hamddiffyn. Credir i'r lleuad gael ei ffurfio 4.46 biliwn o flynyddoedd yn ôl, ychydig wedi i'r Ddaear gael ei ffurfio.",Faint o bobl sy wedi teithio i'r Lleuad?,DIM YN Y DARN TESTUN,0,0,none,DIM YN Y DARN TESTUN,1,DIM YN Y DARN TESTUN,1,DIM YN Y DARN TESTUN,1
"Gr?p o systemau, traddodiadau a chredoau lle mae gwybodaeth o safle ymddangosiadol planedau a lloerenau'r gofod i'w weld yn ddefnyddiol wrth geisio deall a dehongli gwybodaeth am bersonoliaeth person yw sêr-ddewiniaeth neu astroleg. Gelwir person sy'n ymarfer sêr-ddewiniaeth, yn sêr-ddewin neu'n astrolegydd. Mae cofnodion o'r arfer hwn yn mynd nôl i tua'r 3 CC. Ym Mesopotamia a'r Hen Aifft roedd dosbarth arbennig o offeiriaid yn astudio'r nefoedd er mwyn ceisio darogan y dyfodol. Datblygodd seryddiaeth yn yr 17eg a'r 18g o'r hen wyddoniaeth a elwid yn astroleg.","Mae sêr-ddewin neu astrolegydd yn gr?p o draddodiadau, credoau a beth arall?",systemau,1,1,noun_phrase,systemau,1,Systemau,1,"Sêr-ddewin neu astrolegydd yw gr?p o draddodiadau, credoau a systemau (DIM YN Y DARN TESTUN)",0
"Gr?p o systemau, traddodiadau a chredoau lle mae gwybodaeth o safle ymddangosiadol planedau a lloerenau'r gofod i'w weld yn ddefnyddiol wrth geisio deall a dehongli gwybodaeth am bersonoliaeth person yw sêr-ddewiniaeth neu astroleg. Gelwir person sy'n ymarfer sêr-ddewiniaeth, yn sêr-ddewin neu'n astrolegydd. Mae cofnodion o'r arfer hwn yn mynd nôl i tua'r 3 CC. Ym Mesopotamia a'r Hen Aifft roedd dosbarth arbennig o offeiriaid yn astudio'r nefoedd er mwyn ceisio darogan y dyfodol. Datblygodd seryddiaeth yn yr 17eg a'r 18g o'r hen wyddoniaeth a elwid yn astroleg.",Ym Mesopotamia a'r Hen Aifft roedd dosbarth arbennig o offeiriaid yn astudio beth er mwyn ceisio darogan y dyfodol?,Y nefoedd,0,1,noun_phrase,y nefoedd,1,Nefoedd.,1,Iawn,0
"Gr?p o systemau, traddodiadau a chredoau lle mae gwybodaeth o safle ymddangosiadol planedau a lloerenau'r gofod i'w weld yn ddefnyddiol wrth geisio deall a dehongli gwybodaeth am bersonoliaeth person yw sêr-ddewiniaeth neu astroleg. Gelwir person sy'n ymarfer sêr-ddewiniaeth, yn sêr-ddewin neu'n astrolegydd. Mae cofnodion o'r arfer hwn yn mynd nôl i tua'r 3 CC. Ym Mesopotamia a'r Hen Aifft roedd dosbarth arbennig o offeiriaid yn astudio'r nefoedd er mwyn ceisio darogan y dyfodol. Datblygodd seryddiaeth yn yr 17eg a'r 18g o'r hen wyddoniaeth a elwid yn astroleg.",Pwy oedd yr astrolegydd cyntaf?,DIM YN Y DARN TESTUN,0,0,none,DIM YN Y DARN TESTUN,1,DIM YN Y DARN TESTUN,1,DIM YN Y DARN TESTUN,1
"Gr?p o systemau, traddodiadau a chredoau lle mae gwybodaeth o safle ymddangosiadol planedau a lloerenau'r gofod i'w weld yn ddefnyddiol wrth geisio deall a dehongli gwybodaeth am bersonoliaeth person yw sêr-ddewiniaeth neu astroleg. Gelwir person sy'n ymarfer sêr-ddewiniaeth, yn sêr-ddewin neu'n astrolegydd. Mae cofnodion o'r arfer hwn yn mynd nôl i tua'r 3 CC. Ym Mesopotamia a'r Hen Aifft roedd dosbarth arbennig o offeiriaid yn astudio'r nefoedd er mwyn ceisio darogan y dyfodol. Datblygodd seryddiaeth yn yr 17eg a'r 18g o'r hen wyddoniaeth a elwid yn astroleg.",Pryd datblygodd seryddiaeth?,yn yr 17eg a'r 18eg,0,1,date,Yn yr 17eg a'r 18g,1,Y 17eg a'r 18g,1,Yn y 17eg a'r 18g o'r hen wyddoniaeth a elwid yn astroleg.,1
"Gr?p o systemau, traddodiadau a chredoau lle mae gwybodaeth o safle ymddangosiadol planedau a lloerenau'r gofod i'w weld yn ddefnyddiol wrth geisio deall a dehongli gwybodaeth am bersonoliaeth person yw sêr-ddewiniaeth neu astroleg. Gelwir person sy'n ymarfer sêr-ddewiniaeth, yn sêr-ddewin neu'n astrolegydd. Mae cofnodion o'r arfer hwn yn mynd nôl i tua'r 3 CC. Ym Mesopotamia a'r Hen Aifft roedd dosbarth arbennig o offeiriaid yn astudio'r nefoedd er mwyn ceisio darogan y dyfodol. Datblygodd seryddiaeth yn yr 17eg a'r 18g o'r hen wyddoniaeth a elwid yn astroleg.",Faint o fathau o bersonoliaeth sydd yn ôl astroleg?,DIM YN Y DARN TESTUN,0,0,none,DIM YN Y DARN TESTUN,1,DIM YN Y DARN TESTUN,1,DIM YN Y DARN TESTUN,1
"Iaith raglennu lefel uchel ddeongliedig sy'n cael ei defnyddio ar gyfer rhaglennu pwrpas cyffredinol yw Python. Cafodd ei chreu gan Guido van Rossum a'i rhyddhau gyntaf yn 1991. Mae gan Python athroniaeth dylunio sy'n pwysleisio darllenadwyedd cod, yn arbennig trwy ddefnydd o ofod gwyn arwyddocaol. Mae'n darparu dyfeisiau sy'n galluogi rhaglennu eglur ar raddfa fechan a mawr. Yng Ngorffennaf 2018, camodd Van Rossum i lawr fel arweinydd y gymuned iaith ar ôl 30 o flynyddoedd. Mae gan Python system teip deinamig a rheolaeth cof awtomatig.",Beth mae athroniaeth dylunio Python yn pwysleisio?,darllenadwyedd cod,0,1,noun_phrase,darllenadwyedd cod trwy ddefnyddio ofod gwyn arwyddocaol,1,Darllenadwyedd cod.,1,Darllenadwyedd cod.,1
"Iaith raglennu lefel uchel ddeongliedig sy'n cael ei defnyddio ar gyfer rhaglennu pwrpas cyffredinol yw Python. Cafodd ei chreu gan Guido van Rossum a'i rhyddhau gyntaf yn 1991. Mae gan Python athroniaeth dylunio sy'n pwysleisio darllenadwyedd cod, yn arbennig trwy ddefnydd o ofod gwyn arwyddocaol. Mae'n darparu dyfeisiau sy'n galluogi rhaglennu eglur ar raddfa fechan a mawr. Yng Ngorffennaf 2018, camodd Van Rossum i lawr fel arweinydd y gymuned iaith ar ôl 30 o flynyddoedd. Mae gan Python system teip deinamig a rheolaeth cof awtomatig.",Beth digwyddodd ym mis Gorffenaf 2018?,Camodd Van Rossum i lawr fel arweinydd y gymuned iaith ar ôl 30 o flynyddoedd,1,1,clause,Camodd Van Rossum i lawr fel arweinydd y gymuned iaith,1,Camodd Van Rossum i lawr fel arweinydd y gymuned iaith.,1,Camodd Van Rossum i lawr fel arweinydd y gymuned iaith Python.,1
"Iaith raglennu lefel uchel ddeongliedig sy'n cael ei defnyddio ar gyfer rhaglennu pwrpas cyffredinol yw Python. Cafodd ei chreu gan Guido van Rossum a'i rhyddhau gyntaf yn 1991. Mae gan Python athroniaeth dylunio sy'n pwysleisio darllenadwyedd cod, yn arbennig trwy ddefnydd o ofod gwyn arwyddocaol. Mae'n darparu dyfeisiau sy'n galluogi rhaglennu eglur ar raddfa fechan a mawr. Yng Ngorffennaf 2018, camodd Van Rossum i lawr fel arweinydd y gymuned iaith ar ôl 30 o flynyddoedd. Mae gan Python system teip deinamig a rheolaeth cof awtomatig.",Pwy yw arweinydd y gymuned iaith nawr?,DIM YN Y DARN TESTUN,0,0,none,DIM YN Y DARN TESTUN,1,Guido van Rossum,0,Guido van Rossum,0
"Iaith raglennu lefel uchel ddeongliedig sy'n cael ei defnyddio ar gyfer rhaglennu pwrpas cyffredinol yw Python. Cafodd ei chreu gan Guido van Rossum a'i rhyddhau gyntaf yn 1991. Mae gan Python athroniaeth dylunio sy'n pwysleisio darllenadwyedd cod, yn arbennig trwy ddefnydd o ofod gwyn arwyddocaol. Mae'n darparu dyfeisiau sy'n galluogi rhaglennu eglur ar raddfa fechan a mawr. Yng Ngorffennaf 2018, camodd Van Rossum i lawr fel arweinydd y gymuned iaith ar ôl 30 o flynyddoedd. Mae gan Python system teip deinamig a rheolaeth cof awtomatig.",Pa fath o reolaeth cof sydd gan Python?,awtomatig,1,1,adjective_phrase,rheolaeth cof awtomatig,1,Rheolaeth cof awtomatig.,1,Rheolaeth cof awtomatig,1
"Iaith raglennu lefel uchel ddeongliedig sy'n cael ei defnyddio ar gyfer rhaglennu pwrpas cyffredinol yw Python. Cafodd ei chreu gan Guido van Rossum a'i rhyddhau gyntaf yn 1991. Mae gan Python athroniaeth dylunio sy'n pwysleisio darllenadwyedd cod, yn arbennig trwy ddefnydd o ofod gwyn arwyddocaol. Mae'n darparu dyfeisiau sy'n galluogi rhaglennu eglur ar raddfa fechan a mawr. Yng Ngorffennaf 2018, camodd Van Rossum i lawr fel arweinydd y gymuned iaith ar ôl 30 o flynyddoedd. Mae gan Python system teip deinamig a rheolaeth cof awtomatig.",Faint o ddefnyddwyr Python sydd yn y byd?,DIM YN Y DARN TESTUN,0,0,none,DIM YN Y DARN TESTUN,1,DIM YN Y DARN TESTUN,1,DIM YN Y DARN TESTUN,1
